Workbook

Sheet Resument Total - Ofertas Proyec
B2: SDATOOL | C2: Proyecto | D2: Feature | E2: Horas oferta a incurrir | F2: Horas imputadas AR (acumulado) | G2: Horas por imputar AR | H2: Horas incurridas | I2: Horas por incurrir | J2: Horas Pendientes de Ejecutar / Bolsa (a consumir) | K2: Horas bolsa (consumidas) | L2: Horas bolsa (pte consumir)
B4: SDATOOL-34546 | C4: Calypso IV. Migración Abaco a Calypso F4 Swaps. | D4: CIBRDR-953 | E4: ='Imputación TR - Proyecto-Quince'!D3 -> 225 | F4: ='Imputación TR - Proyecto-Quince'!E3 -> 225 | G4: =E4-F4 -> 0 | H4: 0 | I4: =E4-H4 -> 225
B5: SDATOOL-34546 | C5: Calypso V. Migración productos estructurados F5. | D5: CIBRDR-954 | E5: ='Imputación TR - Proyecto-Quince'!D4 -> 245 | F5: ='Imputación TR - Proyecto-Quince'!E4 -> 245 | G5: =E5-F5 -> 0 | H5: 0 | I5: =E5-H5 -> 245
B6: SDATOOL-54626 | C6: Institutional Clients Transversal Tools Plan (eClients) | D6: CIBRDR-748 | E6: ='Imputación TR - Proyecto-Quince'!D5 -> 165 | F6: ='Imputación TR - Proyecto-Quince'!E5 -> 165 | G6: =E6-F6 -> 0 | H6: 0 | I6: =E6-H6 -> 165
B7: SDATOOL-53765 | C7: Marca Emisiones MMOO | D7: NA | E7: ='Imputación TR - Proyecto-Quince'!D6 -> 0 | F7: ='Imputación TR - Proyecto-Quince'!E6 -> 0 | G7: =E7-F7 -> 0 | H7: 0 | I7: =E7-H7 -> 0 | J7: 220 | K7: 220 | L7: =J7-K7 -> 0
B8: SDATOOL-49629 | C8: BSI 2.0. Cargador genérico Legal Agreements | D8: CIBRDR-762 | E8: ='Imputación TR - Proyecto-Quince'!D7 -> 805 | F8: ='Imputación TR - Proyecto-Quince'!E7 -> 805 | G8: =E8-F8 -> 0 | H8: 0 | I8: =E8-H8 -> 805
B9: SDATOOL-46848 | C9: Institutional Clients. Onboarding. | D9: CIBRDR-718 | E9: ='Imputación TR - Proyecto-Quince'!D8 -> 645 | F9: ='Imputación TR - Proyecto-Quince'!E8 -> 645 | G9: =E9-F9 -> 0 | H9: 0 | I9: =E9-H9 -> 645
B10: SDATOOL-49742 | C10: BRS. Fase 2. Colas MQ + Control M | D10: CIBRDR-932 | E10: ='Imputación TR - Proyecto-Quince'!D9 -> 490 | F10: ='Imputación TR - Proyecto-Quince'!E9 -> 40 | G10: =E10-F10-F11-F12-F13 -> 0 | H10: 0 | I10: =E10-H10 -> 490
B11: SDATOOL-49742 | C11: BRS. Fase 2. Colas MQ + Control M | D11: CIBRDR-933 | F11: ='Imputación TR - Proyecto-Quince'!E10 -> 90
B12: SDATOOL-49742 | C12: BRS. Fase 2. Colas MQ + Control M | D12: CIBRDR-934 | F12: ='Imputación TR - Proyecto-Quince'!E11 -> 70
B13: SDATOOL-49742 | C13: BRS. Fase 2. Colas MQ + Control M | D13: CIBRDR-908 | F13: ='Imputación TR - Proyecto-Quince'!E12 -> 290
B14: SDATOOL-51125 | C14: Migración FX y MM. Apagado Midas - CLS | D14: CIBRDR-990 | E14: ='Imputación TR - Proyecto-Quince'!D13 -> 1464 | F14: ='Imputación TR - Proyecto-Quince'!E13 -> 390 | G14: =E14-F14-F15 -> 0 | H14: 0 | I14: =E14-H14 -> 1464
B15: SDATOOL-51125 | C15: Migración FX y MM. Apagado Midas - Operaciones | D15: CIBRDR-766 | F15: ='Imputación TR - Proyecto-Quince'!E14 -> 1074
B16: SDATOOL-42226 | C16: Strategic Boost Alta y Mantenimiento de Emisiones y Emisores. | D16: CIBRDR-887 | E16: ='Imputación TR - Proyecto-Quince'!D15 -> 726 | F16: ='Imputación TR - Proyecto-Quince'!E15 -> 435 | G16: =E16-F16-F17 -> 0 | H16: 0 | I16: =E16-H16 -> 726
B17: SDATOOL-42226 | C17: Strategic Boost Alta y Mantenimiento de Emisiones y Emisores. | D17: CIBRDR-888 | F17: ='Imputación TR - Proyecto-Quince'!E16 -> 291
B18: SDATOOL-51067 | C18: CTM Colombia | D18: CIBRDR-962 | E18: 180 | F18: ='Imputación TR - Proyecto-Quince'!E17 -> 65 | G18: =E18-F18-F19 -> 0 | H18: 0 | I18: =E18-H18 -> 180 | J18: 180 | K18: =F18 -> 65 | L18: =J18-K18 -> 115
B19: SDATOOL-51067 | C19: CTM Colombia | D19: CIBALERTMI-9 | F19: ='Imputación TR - Proyecto-Quince'!E18 -> 115
B20: SDATOOL-51827 | C20: Maestro emisiones | D20: CIBRDR-945 | E20: ='Imputación TR - Proyecto-Quince'!D19 -> 2200 | F20: ='Imputación TR - Proyecto-Quince'!E19 -> 612 | G20: =E20-F20-F21 -> 0 | H20: 0 | I20: =E20-H20 -> 2200
B21: SDATOOL-51827 | C21: Eventos Corporativos | D21: CIBRDR-897 | F21: ='Imputación TR - Proyecto-Quince'!E20 -> 1588
B22: SDATOOL-38779 | C22: Sec Lending_Sponsored Repo | D22: CIBRDR-994 | E22: 726 | F22: ='Imputación TR - Proyecto-Quince'!E21 -> 550 | G22: =E22-F22-F23 -> 0 | H22: 0 | I22: =E22-H22 -> 726
B23: SDATOOL-38779 | C23: Sec Lending_Sponsored Repo | D23: CIBRDR-1019 | F23: ='Imputación TR - Proyecto-Quince'!E22 -> 176
B24: SDATOOL-34723 | C24: Calypso Filter | D24: CIBRDR-1029 | E24: 129 | F24: ='Imputación TR - Proyecto-Quince'!E23 -> 129 | G24: =E24-F24 -> 0 | H24: 0 | I24: =E24-H24 -> 129
B25: SDATOOL-55461 | C25: Refinamiento Productos Entregados | D25: CIBRDR-917 | E25: 129 | F25: ='Imputación TR - Proyecto-Quince'!E24 -> 129 | G25: =E25-F25 -> 0 | I25: =E25-H25 -> 129
B26: SIN CÓDIGO | C26: Proyectos Sin Código - Soporte | D26: Soporte usuarios | E26: ='Imputación TR - Proyecto-Quince'!D25 -> NA | F26: ='Imputación TR - Proyecto-Quince'!E25 -> 4391 | G26: NA | H26: 0 | I26: NA

Sheet Imputación TR - Proyecto-Quince
A1: SDATOOL | B1: Proyecto | C1: Feature | D1: Horas oferta a incurrir | E1: Horas imputadas AR (acumulado) | F1: Horas por imputar AR | G1: 1-15 Abr | H1: 16-30 Abr | I1: 1-15 May | J1: 16-31 Mayo | K1: 1-15 Jun | L1: 16-30 Jun
A3: SDATOOL-34546 | B3: Calypso IV. Migración Abaco a Calypso F4 Swaps. | C3: CIBRDR-953 | D3: 225 | E3: =SUM(G3:L3) -> 225 | F3: =D3-E3 -> 0 | G3: =SUMIF('Imputación TR - Quincena - Pers'!E:E, C3, 'Imputación TR - Quincena - Pers'!J:J) -> 0 | H3: =SUMIF('Imputación TR - Quincena - Pers'!AE:AE,C3,'Imputación TR - Quincena - Pers'!AJ:AJ) -> 220 | I3: =SUMIF('Imputación TR - Quincena - Pers'!BE:BE,C3,'Imputación TR - Quincena - Pers'!BJ:BJ) -> 5 | J3: =SUMIF('Imputación TR - Quincena - Pers'!CE:CE,C3,'Imputación TR - Quincena - Pers'!CJ:CJ) -> 0 | K3: =SUMIF('Imputación TR - Quincena - Pers'!DF:DF,C3,'Imputación TR - Quincena - Pers'!DK:DK) -> 0 | L3: =SUMIF('Imputación TR - Quincena - Pers'!EF:EF,C3,'Imputación TR - Quincena - Pers'!EK:EK) -> 0
A4: SDATOOL-34546 | B4: Calypso V. Migración productos estructurados F5. | C4: CIBRDR-954 | D4: 245 | E4: =SUM(G4:L4) -> 245 | F4: =D4-E4 -> 0 | G4: =SUMIF('Imputación TR - Quincena - Pers'!E:E, C4, 'Imputación TR - Quincena - Pers'!J:J) -> 0 | H4: =SUMIF('Imputación TR - Quincena - Pers'!AE:AE,C4,'Imputación TR - Quincena - Pers'!AJ:AJ) -> 110 | I4: =SUMIF('Imputación TR - Quincena - Pers'!BE:BE,C4,'Imputación TR - Quincena - Pers'!BJ:BJ) -> 50 | J4: =SUMIF('Imputación TR - Quincena - Pers'!CE:CE,C4,'Imputación TR - Quincena - Pers'!CJ:CJ) -> 50 | K4: =SUMIF('Imputación TR - Quincena - Pers'!DF:DF,C4,'Imputación TR - Quincena - Pers'!DK:DK) -> 35 | L4: =SUMIF('Imputación TR - Quincena - Pers'!EF:EF,C4,'Imputación TR - Quincena - Pers'!EK:EK) -> 0
A5: SDATOOL-54626 | B5: Institutional Clients Transversal Tools Plan (eClients) | C5: CIBRDR-748 | D5: 165 | E5: =SUM(G5:L5) -> 165 | F5: =D5-E5 -> 0 | G5: =SUMIF('Imputación TR - Quincena - Pers'!E:E, C5, 'Imputación TR - Quincena - Pers'!J:J) -> 0 | H5: =SUMIF('Imputación TR - Quincena - Pers'!AE:AE,C5,'Imputación TR - Quincena - Pers'!AJ:AJ) -> 0 | I5: =SUMIF('Imputación TR - Quincena - Pers'!BE:BE,C5,'Imputación TR - Quincena - Pers'!BJ:BJ) -> 50 | J5: =SUMIF('Imputación TR - Quincena - Pers'!CE:CE,C5,'Imputación TR - Quincena - Pers'!CJ:CJ) -> 0 | K5: =SUMIF('Imputación TR - Quincena - Pers'!DF:DF,C5,'Imputación TR - Quincena - Pers'!DK:DK) -> 115 | L5: =SUMIF('Imputación TR - Quincena - Pers'!EF:EF,C5,'Imputación TR - Quincena - Pers'!EK:EK) -> 0
A6: SDATOOL-53765 | B6: Marca Emisiones MMOO | C6: NA | D6: 0 | E6: =SUM(G6:L6) -> 0 | F6: =D6-E6 -> 0 | G6: =SUMIF('Imputación TR - Quincena - Pers'!E:E, C6, 'Imputación TR - Quincena - Pers'!J:J) -> 0 | H6: =SUMIF('Imputación TR - Quincena - Pers'!AE:AE,C6,'Imputación TR - Quincena - Pers'!AJ:AJ) -> 0 | I6: =SUMIF('Imputación TR - Quincena - Pers'!BE:BE,C6,'Imputación TR - Quincena - Pers'!BJ:BJ) -> 0 | J6: =SUMIF('Imputación TR - Quincena - Pers'!CE:CE,C6,'Imputación TR - Quincena - Pers'!CJ:CJ) -> 0 | K6: =SUMIF('Imputación TR - Quincena - Pers'!DF:DF,C6,'Imputación TR - Quincena - Pers'!DK:DK) -> 0 | L6: =SUMIF('Imputación TR - Quincena - Pers'!EF:EF,C6,'Imputación TR - Quincena - Pers'!EK:EK) -> 0
A7: SDATOOL-49629 | B7: BSI 2.0. Cargador genérico Legal Agreements | C7: CIBRDR-762 | D7: 805 | E7: =SUM(G7:L7) -> 805 | F7: =D7-E7 -> 0 | G7: =SUMIF('Imputación TR - Quincena - Pers'!E:E, C7, 'Imputación TR - Quincena - Pers'!J:J) -> 60 | H7: =SUMIF('Imputación TR - Quincena - Pers'!AE:AE,C7,'Imputación TR - Quincena - Pers'!AJ:AJ) -> 165 | I7: =SUMIF('Imputación TR - Quincena - Pers'!BE:BE,C7,'Imputación TR - Quincena - Pers'!BJ:BJ) -> 300 | J7: =SUMIF('Imputación TR - Quincena - Pers'!CE:CE,C7,'Imputación TR - Quincena - Pers'!CJ:CJ) -> 200 | K7: =SUMIF('Imputación TR - Quincena - Pers'!DF:DF,C7,'Imputación TR - Quincena - Pers'!DK:DK) -> 80 | L7: =SUMIF('Imputación TR - Quincena - Pers'!EF:EF,C7,'Imputación TR - Quincena - Pers'!EK:EK) -> 0
A8: SDATOOL-46848 | B8: Institutional Clients. Onboarding. | C8: CIBRDR-718 | D8: 645 | E8: =SUM(G8:L8) -> 645 | F8: =D8-E8 -> 0 | G8: =SUMIF('Imputación TR - Quincena - Pers'!E:E, C8, 'Imputación TR - Quincena - Pers'!J:J) -> 45 | H8: =SUMIF('Imputación TR - Quincena - Pers'!AE:AE,C8,'Imputación TR - Quincena - Pers'!AJ:AJ) -> 165 | I8: =SUMIF('Imputación TR - Quincena - Pers'!BE:BE,C8,'Imputación TR - Quincena - Pers'!BJ:BJ) -> 100 | J8: =SUMIF('Imputación TR - Quincena - Pers'!CE:CE,C8,'Imputación TR - Quincena - Pers'!CJ:CJ) -> 150 | K8: =SUMIF('Imputación TR - Quincena - Pers'!DF:DF,C8,'Imputación TR - Quincena - Pers'!DK:DK) -> 185 | L8: =SUMIF('Imputación TR - Quincena - Pers'!EF:EF,C8,'Imputación TR - Quincena - Pers'!EK:EK) -> 0
A9: SDATOOL-49742 | B9: BRS. Fase 2. Colas MQ + Control M | C9: CIBRDR-932 | D9: 490 | E9: =SUM(G9:L9) -> 40 | F9: =D9-E9-E10-E11-E12 -> 0 | G9: =SUMIF('Imputación TR - Quincena - Pers'!E:E, C9, 'Imputación TR - Quincena - Pers'!J:J) -> 30 | H9: =SUMIF('Imputación TR - Quincena - Pers'!AE:AE,C9,'Imputación TR - Quincena - Pers'!AJ:AJ) -> 10 | I9: =SUMIF('Imputación TR - Quincena - Pers'!BE:BE,C9,'Imputación TR - Quincena - Pers'!BJ:BJ) -> 0 | J9: =SUMIF('Imputación TR - Quincena - Pers'!CE:CE,C9,'Imputación TR - Quincena - Pers'!CJ:CJ) -> 0 | K9: =SUMIF('Imputación TR - Quincena - Pers'!DF:DF,C9,'Imputación TR - Quincena - Pers'!DK:DK) -> 0 | L9: =SUMIF('Imputación TR - Quincena - Pers'!EF:EF,C9,'Imputación TR - Quincena - Pers'!EK:EK) -> 0
A10: SDATOOL-49742 | B10: BRS. Fase 2. Colas MQ + Control M | C10: CIBRDR-933 | E10: =SUM(G10:L10) -> 90 | G10: =SUMIF('Imputación TR - Quincena - Pers'!E:E, C10, 'Imputación TR - Quincena - Pers'!J:J) -> 0 | H10: =SUMIF('Imputación TR - Quincena - Pers'!AE:AE,C10,'Imputación TR - Quincena - Pers'!AJ:AJ) -> 40 | I10: =SUMIF('Imputación TR - Quincena - Pers'!BE:BE,C10,'Imputación TR - Quincena - Pers'!BJ:BJ) -> 50 | J10: =SUMIF('Imputación TR - Quincena - Pers'!CE:CE,C10,'Imputación TR - Quincena - Pers'!CJ:CJ) -> 0 | K10: =SUMIF('Imputación TR - Quincena - Pers'!DF:DF,C10,'Imputación TR - Quincena - Pers'!DK:DK) -> 0 | L10: =SUMIF('Imputación TR - Quincena - Pers'!EF:EF,C10,'Imputación TR - Quincena - Pers'!EK:EK) -> 0
A11: SDATOOL-49742 | B11: BRS. Fase 2. Colas MQ + Control M | C11: CIBRDR-934 | E11: =SUM(G11:L11) -> 70 | G11: =SUMIF('Imputación TR - Quincena - Pers'!E:E, C11, 'Imputación TR - Quincena - Pers'!J:J) -> 0 | H11: =SUMIF('Imputación TR - Quincena - Pers'!AE:AE,C11,'Imputación TR - Quincena - Pers'!AJ:AJ) -> 0 | I11: =SUMIF('Imputación TR - Quincena - Pers'!BE:BE,C11,'Imputación TR - Quincena - Pers'!BJ:BJ) -> 70 | J11: =SUMIF('Imputación TR - Quincena - Pers'!CE:CE,C11,'Imputación TR - Quincena - Pers'!CJ:CJ) -> 0 | K11: =SUMIF('Imputación TR - Quincena - Pers'!DF:DF,C11,'Imputación TR - Quincena - Pers'!DK:DK) -> 0 | L11: =SUMIF('Imputación TR - Quincena - Pers'!EF:EF,C11,'Imputación TR - Quincena - Pers'!EK:EK) -> 0
A12: SDATOOL-49742 | B12: BRS. Fase 2. Colas MQ + Control M | C12: CIBRDR-908 | E12: =SUM(G12:L12) -> 290 | G12: =SUMIF('Imputación TR - Quincena - Pers'!E:E, 'Imputación TR - Quincena - Pers'!BE29, 'Imputación TR - Quincena - Pers'!J:J) -> 0 | H12: =SUMIF('Imputación TR - Quincena - Pers'!AE:AE,'Imputación TR - Quincena - Pers'!BE29,'Imputación TR - Quincena - Pers'!AJ:AJ) -> 150 | I12: =SUMIF('Imputación TR - Quincena - Pers'!BE:BE,'Imputación TR - Quincena - Pers'!BE29,'Imputación TR - Quincena - Pers'!BJ:BJ) -> 48 | J12: =SUMIF('Imputación TR - Quincena - Pers'!CE:CE,'Imputación TR - Quincena - Pers'!BE29,'Imputación TR - Quincena - Pers'!CJ:CJ) -> 46 | K12: =SUMIF('Imputación TR - Quincena - Pers'!DF:DF,'Imputación TR - Quincena - Pers'!BE29,'Imputación TR - Quincena - Pers'!DK:DK) -> 46 | L12: =SUMIF('Imputación TR - Quincena - Pers'!EF:EF,'Imputación TR - Quincena - Pers'!BE29,'Imputación TR - Quincena - Pers'!EK:EK) -> 0
A13: SDATOOL-51125 | B13: Migración FX y MM. Apagado Midas - CLS | C13: CIBRDR-990 | D13: 1464 | E13: =SUM(G13:L13) -> 390 | F13: =D13-E13-E14 -> 0 | G13: =SUMIF('Imputación TR - Quincena - Pers'!E:E, C13, 'Imputación TR - Quincena - Pers'!J:J) -> 0 | H13: =SUMIF('Imputación TR - Quincena - Pers'!AE:AE,C13,'Imputación TR - Quincena - Pers'!AJ:AJ) -> 0 | I13: =SUMIF('Imputación TR - Quincena - Pers'!BE:BE,C13,'Imputación TR - Quincena - Pers'!BJ:BJ) -> 175 | J13: =SUMIF('Imputación TR - Quincena - Pers'!CE:CE,C13,'Imputación TR - Quincena - Pers'!CJ:CJ) -> 150 | K13: =SUMIF('Imputación TR - Quincena - Pers'!DF:DF,C13,'Imputación TR - Quincena - Pers'!DK:DK) -> 65 | L13: =SUMIF('Imputación TR - Quincena - Pers'!EF:EF,C13,'Imputación TR - Quincena - Pers'!EK:EK) -> 0
A14: SDATOOL-51125 | B14: Migración FX y MM. Apagado Midas - Operaciones | C14: CIBRDR-766 | E14: =SUM(G14:L14) -> 1074 | G14: =SUMIF('Imputación TR - Quincena - Pers'!E:E, C14, 'Imputación TR - Quincena - Pers'!J:J) -> 0 | H14: =SUMIF('Imputación TR - Quincena - Pers'!AE:AE,C14,'Imputación TR - Quincena - Pers'!AJ:AJ) -> 0 | I14: =SUMIF('Imputación TR - Quincena - Pers'!BE:BE,C14,'Imputación TR - Quincena - Pers'!BJ:BJ) -> 450 | J14: =SUMIF('Imputación TR - Quincena - Pers'!CE:CE,C14,'Imputación TR - Quincena - Pers'!CJ:CJ) -> 350 | K14: =SUMIF('Imputación TR - Quincena - Pers'!DF:DF,C14,'Imputación TR - Quincena - Pers'!DK:DK) -> 135 | L14: =SUMIF('Imputación TR - Quincena - Pers'!EF:EF,C14,'Imputación TR - Quincena - Pers'!EK:EK) -> 139
A15: SDATOOL-42226 | B15: Strategic Boost Alta y Mantenimiento de Emisiones y Emisores. | C15: CIBRDR-887 | D15: 726 | E15: =SUM(G15:L15) -> 435 | F15: =D15-E15-E16 -> 0 | G15: =SUMIF('Imputación TR - Quincena - Pers'!E:E, C15, 'Imputación TR - Quincena - Pers'!J:J) -> 15 | H15: =SUMIF('Imputación TR - Quincena - Pers'!AE:AE,C15,'Imputación TR - Quincena - Pers'!AJ:AJ) -> 220 | I15: =SUMIF('Imputación TR - Quincena - Pers'!BE:BE,C15,'Imputación TR - Quincena - Pers'!BJ:BJ) -> 200 | J15: =SUMIF('Imputación TR - Quincena - Pers'!CE:CE,C15,'Imputación TR - Quincena - Pers'!CJ:CJ) -> 0 | K15: =SUMIF('Imputación TR - Quincena - Pers'!DF:DF,C15,'Imputación TR - Quincena - Pers'!DK:DK) -> 0 | L15: =SUMIF('Imputación TR - Quincena - Pers'!EF:EF,C15,'Imputación TR - Quincena - Pers'!EK:EK) -> 0
A16: SDATOOL-42226 | B16: Strategic Boost Alta y Mantenimiento de Emisiones y Emisores. | C16: CIBRDR-888 | E16: =SUM(G16:L16) -> 291 | G16: =SUMIF('Imputación TR - Quincena - Pers'!E:E, C16, 'Imputación TR - Quincena - Pers'!J:J) -> 30 | H16: =SUMIF('Imputación TR - Quincena - Pers'!AE:AE,C16,'Imputación TR - Quincena - Pers'!AJ:AJ) -> 110 | I16: =SUMIF('Imputación TR - Quincena - Pers'!BE:BE,C16,'Imputación TR - Quincena - Pers'!BJ:BJ) -> 50 | J16: =SUMIF('Imputación TR - Quincena - Pers'!CE:CE,C16,'Imputación TR - Quincena - Pers'!CJ:CJ) -> 50 | K16: =SUMIF('Imputación TR - Quincena - Pers'!DF:DF,C16,'Imputación TR - Quincena - Pers'!DK:DK) -> 51 | L16: =SUMIF('Imputación TR - Quincena - Pers'!EF:EF,C16,'Imputación TR - Quincena - Pers'!EK:EK) -> 0
A17: SDATOOL-51067 | B17: CTM Colombia | C17: CIBRDR-962 | D17: 180 | E17: =SUM(G17:L17) -> 65 | F17: =D17-E17-E18 -> 0 | G17: =SUMIF('Imputación TR - Quincena - Pers'!E:E, C17, 'Imputación TR - Quincena - Pers'!J:J) -> 0 | H17: =SUMIF('Imputación TR - Quincena - Pers'!AE:AE,C17,'Imputación TR - Quincena - Pers'!AJ:AJ) -> 0 | I17: =SUMIF('Imputación TR - Quincena - Pers'!BE:BE,C17,'Imputación TR - Quincena - Pers'!BJ:BJ) -> 0 | J17: =SUMIF('Imputación TR - Quincena - Pers'!CE:CE,C17,'Imputación TR - Quincena - Pers'!CJ:CJ) -> 0 | K17: =SUMIF('Imputación TR - Quincena - Pers'!DF:DF,C17,'Imputación TR - Quincena - Pers'!DK:DK) -> 65 | L17: =SUMIF('Imputación TR - Quincena - Pers'!EF:EF,C17,'Imputación TR - Quincena - Pers'!EK:EK) -> 0
A18: SDATOOL-51067 | B18: CTM Colombia | C18: CIBALERTMI-9 | E18: =SUM(G18:L18) -> 115 | G18: =SUMIF('Imputación TR - Quincena - Pers'!E:E, C18, 'Imputación TR - Quincena - Pers'!J:J) -> 0 | H18: =SUMIF('Imputación TR - Quincena - Pers'!AE:AE,C18,'Imputación TR - Quincena - Pers'!AJ:AJ) -> 0 | I18: =SUMIF('Imputación TR - Quincena - Pers'!BE:BE,C18,'Imputación TR - Quincena - Pers'!BJ:BJ) -> 0 | J18: =SUMIF('Imputación TR - Quincena - Pers'!CE:CE,C18,'Imputación TR - Quincena - Pers'!CJ:CJ) -> 0 | K18: =SUMIF('Imputación TR - Quincena - Pers'!DF:DF,C18,'Imputación TR - Quincena - Pers'!DK:DK) -> 0 | L18: =SUMIF('Imputación TR - Quincena - Pers'!EF:EF,C18,'Imputación TR - Quincena - Pers'!EK:EK) -> 115
A19: SDATOOL-51827 | B19: Maestro emisiones | C19: CIBRDR-945 | D19: 2200 | E19: =SUM(G19:L19) -> 612 | F19: =D19-E19-E20 -> 0 | G19: =SUMIF('Imputación TR - Quincena - Pers'!E:E, C19, 'Imputación TR - Quincena - Pers'!J:J) -> 0 | H19: =SUMIF('Imputación TR - Quincena - Pers'!AE:AE,C19,'Imputación TR - Quincena - Pers'!AJ:AJ) -> 220 | I19: =SUMIF('Imputación TR - Quincena - Pers'!BE:BE,C19,'Imputación TR - Quincena - Pers'!BJ:BJ) -> 300 | J19: =SUMIF('Imputación TR - Quincena - Pers'!CE:CE,C19,'Imputación TR - Quincena - Pers'!CJ:CJ) -> 50 | K19: =SUMIF('Imputación TR - Quincena - Pers'!DF:DF,C19,'Imputación TR - Quincena - Pers'!DK:DK) -> 42 | L19: =SUMIF('Imputación TR - Quincena - Pers'!EF:EF,C19,'Imputación TR - Quincena - Pers'!EK:EK) -> 0
A20: SDATOOL-51827 | B20: Eventos Corporativos | C20: CIBRDR-897 | E20: =SUM(G20:L20) -> 1588 | G20: =SUMIF('Imputación TR - Quincena - Pers'!E:E, C20, 'Imputación TR - Quincena - Pers'!J:J) -> 90 | H20: =SUMIF('Imputación TR - Quincena - Pers'!AE:AE,C20,'Imputación TR - Quincena - Pers'!AJ:AJ) -> 330 | I20: =SUMIF('Imputación TR - Quincena - Pers'!BE:BE,C20,'Imputación TR - Quincena - Pers'!BJ:BJ) -> 525 | J20: =SUMIF('Imputación TR - Quincena - Pers'!CE:CE,C20,'Imputación TR - Quincena - Pers'!CJ:CJ) -> 500 | K20: =SUMIF('Imputación TR - Quincena - Pers'!DF:DF,C20,'Imputación TR - Quincena - Pers'!DK:DK) -> 143 | L20: =SUMIF('Imputación TR - Quincena - Pers'!EF:EF,C20,'Imputación TR - Quincena - Pers'!EK:EK) -> 0
A21: SDATOOL-38779 | B21: Sec Lending_Sponsored Repo | C21: CIBRDR-994 | D21: 726 | E21: =SUM(G21:L21) -> 550 | F21: =D21-E21-E22 -> 0 | G21: =SUMIF('Imputación TR - Quincena - Pers'!E:E, C21, 'Imputación TR - Quincena - Pers'!J:J) -> 0 | H21: =SUMIF('Imputación TR - Quincena - Pers'!AE:AE,C21,'Imputación TR - Quincena - Pers'!AJ:AJ) -> 0 | I21: =SUMIF('Imputación TR - Quincena - Pers'!BE:BE,C21,'Imputación TR - Quincena - Pers'!BJ:BJ) -> 50 | J21: =SUMIF('Imputación TR - Quincena - Pers'!CE:CE,C21,'Imputación TR - Quincena - Pers'!CJ:CJ) -> 500 | K21: =SUMIF('Imputación TR - Quincena - Pers'!DF:DF,C21,'Imputación TR - Quincena - Pers'!DK:DK) -> 0 | L21: =SUMIF('Imputación TR - Quincena - Pers'!EF:EF,C21,'Imputación TR - Quincena - Pers'!EK:EK) -> 0
A22: SDATOOL-38779 | B22: Sec Lending_Sponsored Repo | C22: CIBRDR-1019 | E22: =SUM(G22:L22) -> 176 | G22: =SUMIF('Imputación TR - Quincena - Pers'!E:E, C22, 'Imputación TR - Quincena - Pers'!J:J) -> 0 | H22: =SUMIF('Imputación TR - Quincena - Pers'!AE:AE,C22,'Imputación TR - Quincena - Pers'!AJ:AJ) -> 0 | I22: =SUMIF('Imputación TR - Quincena - Pers'!BE:BE,C22,'Imputación TR - Quincena - Pers'!BJ:BJ) -> 0 | J22: =SUMIF('Imputación TR - Quincena - Pers'!CE:CE,C22,'Imputación TR - Quincena - Pers'!CJ:CJ) -> 0 | K22: =SUMIF('Imputación TR - Quincena - Pers'!DF:DF,C22,'Imputación TR - Quincena - Pers'!DK:DK) -> 176 | L22: =SUMIF('Imputación TR - Quincena - Pers'!EF:EF,C22,'Imputación TR - Quincena - Pers'!EK:EK) -> 0
A23: SDATOOL-34723 | B23: Calypso Filter | C23: CIBRDR-1029 | D23: 129 | E23: =SUM(G23:L23) -> 129 | F23: =D23-E23 -> 0 | G23: =SUMIF('Imputación TR - Quincena - Pers'!E:E, C23, 'Imputación TR - Quincena - Pers'!J:J) -> 0 | H23: =SUMIF('Imputación TR - Quincena - Pers'!AE:AE,C23,'Imputación TR - Quincena - Pers'!AJ:AJ) -> 0 | I23: =SUMIF('Imputación TR - Quincena - Pers'!BE:BE,C23,'Imputación TR - Quincena - Pers'!BJ:BJ) -> 0 | J23: =SUMIF('Imputación TR - Quincena - Pers'!CE:CE,C23,'Imputación TR - Quincena - Pers'!CJ:CJ) -> 0 | K23: =SUMIF('Imputación TR - Quincena - Pers'!DF:DF,C23,'Imputación TR - Quincena - Pers'!DK:DK) -> 45 | L23: =SUMIF('Imputación TR - Quincena - Pers'!EF:EF,C23,'Imputación TR - Quincena - Pers'!EK:EK) -> 84
A24: SDATOOL-55461 | B24: Refinamiento Productos Entregados | C24: CIBRDR-917 | D24: 129 | E24: =SUM(G24:L24) -> 129 | F24: =D24-E24 -> 0 | G24: =SUMIF('Imputación TR - Quincena - Pers'!E:E, C24, 'Imputación TR - Quincena - Pers'!J:J) -> 0 | H24: =SUMIF('Imputación TR - Quincena - Pers'!AE:AE,C24,'Imputación TR - Quincena - Pers'!AJ:AJ) -> 0 | I24: =SUMIF('Imputación TR - Quincena - Pers'!BE:BE,C24,'Imputación TR - Quincena - Pers'!BJ:BJ) -> 0 | J24: =SUMIF('Imputación TR - Quincena - Pers'!CE:CE,C24,'Imputación TR - Quincena - Pers'!CJ:CJ) -> 0 | K24: =SUMIF('Imputación TR - Quincena - Pers'!DF:DF,C24,'Imputación TR - Quincena - Pers'!DK:DK) -> 0 | L24: =SUMIF('Imputación TR - Quincena - Pers'!EF:EF,C24,'Imputación TR - Quincena - Pers'!EK:EK) -> 129
A25: SIN CÓDIGO | B25: Proyectos Sin Código - Soporte | C25: Soporte usuarios | D25: NA | E25: =SUM(G25:L25) -> 4391 | F25: NA | G25: =SUMIF('Imputación TR - Quincena - Pers'!D:D, C25, 'Imputación TR - Quincena - Pers'!J:J) -> 1464 | H25: =SUMIF('Imputación TR - Quincena - Pers'!AD:AD,C25,'Imputación TR - Quincena - Pers'!AJ:AJ) -> 401 | I25: =SUMIF('Imputación TR - Quincena - Pers'!BD:BD,C25,'Imputación TR - Quincena - Pers'!BJ:BJ) -> 87 | J25: =SUMIF('Imputación TR - Quincena - Pers'!CD:CD,C25,'Imputación TR - Quincena - Pers'!CJ:CJ) -> 168 | K25: =SUMIF('Imputación TR - Quincena - Pers'!DE:DE,C25,'Imputación TR - Quincena - Pers'!DK:DK) -> 857 | L25: =SUMIF('Imputación TR - Quincena - Pers'!EE:EE,C25,'Imputación TR - Quincena - Pers'!EK:EK) -> 1414

Sheet Imputación TR - Quincena - Pers
A1: Persona | B1: SDATOOL | C1: Nombre Proyecto | E1: Feature/Task | F1: Otras Tecnologías | G1: Nivel 1 | H1: Nivel 2 | I1: Nivel 3 | J1: Total Horas quincena | K1: 46113 | L1: 46114 | M1: 46115 | N1: 46116 | O1: 46117 | P1: 46118 | Q1: 46119 | R1: 46120 | S1: 46121 | T1: 46122 | U1: 46123 | V1: 46124 | W1: 46125 | X1: 46126 | Y1: 46127 | AA1: Persona | AB1: SDATOOL | AC1: Nombre Proyecto | AE1: Feature/Task | AF1: Otras Tecnologías | AG1: Nivel 1 | AH1: Nivel 2 | AI1: Nivel 3 | AJ1: Total Horas quincena | AK1: 46128 | AL1: 46129 | AM1: 46130 | AN1: 46131 | AO1: 46132 | AP1: 46133 | AQ1: 46134 | AR1: 46135 | AS1: 46136 | AT1: 46137 | AU1: 46138 | AV1: 46139 | AW1: 46140 | AX1: 46141 | AY1: 46142 | BA1: Persona | BB1: SDATOOL | BC1: Nombre Proyecto | BE1: Feature/Task | BF1: Otras Tecnologías | BG1: Nivel 1 | BH1: Nivel 2 | BI1: Nivel 3 | BJ1: Total Horas quincena | BK1: 46143 | BL1: 46144 | BM1: 46145 | BN1: 46146 | BO1: 46147 | BP1: 46148 | BQ1: 46149 | BR1: 46150 | BS1: 46151 | BT1: 46152 | BU1: 46153 | BV1: 46154 | BW1: 46155 | BX1: 46156 | BY1: 46157 | CA1: Persona | CB1: SDATOOL | CC1: Nombre Proyecto | CE1: Feature/Task | CF1: Otras Tecnologías | CG1: Nivel 1 | CH1: Nivel 2 | CI1: Nivel 3 | CJ1: Total Horas quincena | CK1: 46158 | CL1: 46159 | CM1: 46160 | CN1: 46161 | CO1: 46162 | CP1: 46163 | CQ1: 46164 | CR1: 46165 | CS1: 46166 | CT1: 46167 | CU1: 46168 | CV1: 46169 | CW1: 46170 | CX1: 46171 | CY1: 46172 | CZ1: 46173 | DB1: Persona | DC1: SDATOOL | DD1: Nombre Proyecto | DF1: Feature/Task | DG1: Otras Tecnologías | DH1: Nivel 1 | DI1: Nivel 2 | DJ1: Nivel 3 | DK1: Total Horas quincena | DL1: 46174 | DM1: 46175 | DN1: 46176 | DO1: 46177 | DP1: 46178 | DQ1: 46179 | DR1: 46180 | DS1: 46181 | DT1: 46182 | DU1: 46183 | DV1: 46184 | DW1: 46185 | DX1: 46186 | DY1: 46187 | DZ1: 46188 | EB1: Persona | EC1: SDATOOL | ED1: Nombre Proyecto | EF1: Feature/Task | EG1: Otras Tecnologías | EH1: Nivel 1 | EI1: Nivel 2 | EJ1: Nivel 3 | EK1: Total Horas quincena | EL1: 46189 | EM1: 46190 | EN1: 46191 | EO1: 46192 | EP1: 46193 | EQ1: 46194 | ER1: 46195 | ES1: 46196 | ET1: 46197 | EU1: 46198 | EV1: 46199 | EW1: 46200 | EX1: 46201 | EY1: 46202 | EZ1: 46203
A2: Ángela Montero | D2: Soporte usuarios | G2: Servicios prestados a proyectos sin código | H2: Análisis y diseño (antigua fase de Diseño) | I2: - | J2: =SUM(K2:Y2) -> 87 | K2: 9 | L2: 9 | P2: 9 | Q2: 9 | R2: 9 | S2: 9 | T2: 6 | W2: 9 | X2: 9 | Y2: 9 | AA2: Ángela Montero | AB2: {=IFERROR(INDEX('Resument Total - Ofertas Proyec'!$B:$B,MATCH(AE2,'Resument Total - Ofertas Proyec'!$D:$D,0)),"")} -> SDATOOL-49742 | AC2: {=IFERROR(INDEX('Imputación TR - Proyecto-Quince'!$B:$B,MATCH(AE2,'Imputación TR - Proyecto-Quince'!$C:$C,0)),"")} -> BRS. Fase 2. Colas MQ + Control M | AE2: CIBRDR-908 | AF2: =IF(AI2="Otras Tecnologías","GoldenSource","") | AG2: Servicios prestados a proyectos con código | AH2: Análisis y diseño (antigua fase de Diseño) | AI2: =IF(OR(AH2="Codificación",AH2="Pruebas"),"Otras Tecnologías","-") -> - | AJ2: =SUM(AK2:AY2) -> 23 | AK2: 5 | AV2: 9 | AW2: 9 | BA2: Ángela Montero | BB2: {=IFERROR(INDEX('Resument Total - Ofertas Proyec'!$B:$B,MATCH(BE2,'Resument Total - Ofertas Proyec'!$D:$D,0)),"")} -> SDATOOL-51125 | BC2: {=IFERROR(INDEX('Imputación TR - Proyecto-Quince'!$B:$B,MATCH(BE2,'Imputación TR - Proyecto-Quince'!$C:$C,0)),"")} -> Migración FX y MM. Apagado Midas - CLS | BE2: CIBRDR-990 | BF2: =IF(BI2="Otras Tecnologías","GoldenSource","") | BG2: Servicios prestados a proyectos con código | BH2: Análisis y diseño (antigua fase de Diseño) | BI2: =IF(OR(BH2="Codificación",BH2="Pruebas"),"Otras Tecnologías","-") -> - | BJ2: =SUM(BK2:BY2) -> 50 | BN2: 10 | BO2: 10 | BP2: 10 | BQ2: 10 | BR2: 10 | CA2: Ángela Montero | CB2: {=IFERROR(INDEX('Resument Total - Ofertas Proyec'!$B:$B,MATCH(CE2,'Resument Total - Ofertas Proyec'!$D:$D,0)),"")} | CC2: {=IFERROR(INDEX('Imputación TR - Proyecto-Quince'!$B:$B,MATCH(CE2,'Imputación TR - Proyecto-Quince'!$C:$C,0)),"")} | CD2: Soporte usuarios | CF2: =IF(CI2="Otras Tecnologías","GoldenSource","") | CG2: Servicios prestados a proyectos sin código | CH2: Análisis y diseño (antigua fase de Diseño) | CI2: =IF(OR(CH2="Codificación",CH2="Pruebas"),"Otras Tecnologías","-") -> - | CJ2: =SUM(CK2:CZ2) -> 84 | CM2: 9 | CN2: 9 | CO2: 9 | CP2: 9 | CQ2: 6 | CT2: 9 | CU2: 9 | CV2: 9 | CW2: 9 | CX2: 6 | DB2: Ángela Montero | DC2: {=IFERROR(INDEX('Resument Total - Ofertas Proyec'!$B:$B,MATCH(DF2,'Resument Total - Ofertas Proyec'!$D:$D,0)),"")} | DD2: {=IFERROR(INDEX('Imputación TR - Proyecto-Quince'!$B:$B,MATCH(DF2,'Imputación TR - Proyecto-Quince'!$C:$C,0)),"")} | DE2: Soporte usuarios | DG2: =IF(DJ2="Otras Tecnologías","GoldenSource","") | DH2: Servicios prestados a proyectos sin código | DI2: Análisis y diseño (antigua fase de Diseño) | DJ2: =IF(OR(DI2="Codificación",DI2="Pruebas"),"Otras Tecnologías","-") -> - | DK2: =SUM(DL2:EA2) -> 69 | DL2: 9 | DM2: 9 | DN2: 9 | DO2: 9 | DP2: 6 | DS2: 9 | DT2: 9 | DU2: 9 | EB2: Ángela Montero | EC2: {=IFERROR(INDEX('Resument Total - Ofertas Proyec'!$B:$B,MATCH(EF2,'Resument Total - Ofertas Proyec'!$D:$D,0)),"")} -> SDATOOL-34723 | ED2: {=IFERROR(INDEX('Imputación TR - Proyecto-Quince'!$B:$B,MATCH(EF2,'Imputación TR - Proyecto-Quince'!$C:$C,0)),"")} -> Calypso Filter | EF2: CIBRDR-1029 | EG2: =IF(EJ2="Otras Tecnologías","GoldenSource","") | EH2: - | EJ2: =IF(OR(EI2="Codificación",EI2="Pruebas"),"Otras Tecnologías","-") -> - | EK2: =SUM(EL2:EZ2) -> 72 | EL2: 18 | EM2: 18 | EN2: 18 | EO2: 18
B3: {=IFERROR(INDEX('Imputación TR - Proyecto-Quince'!$A:$A,MATCH(E3,'Imputación TR - Proyecto-Quince'!$C:$C,0)),"")} | C3: {=IFERROR(INDEX('Imputación TR - Proyecto-Quince'!$B:$B,MATCH(E3,'Imputación TR - Proyecto-Quince'!$C:$C,0)),"")} | F3: =IF(I3="Otras Tecnologías","GoldenSource","") | I3: =IF(OR(H3="Codificación",H3="Pruebas"),"Otras Tecnologías","-") -> - | J3: =SUM(K3:Y3) -> 0 | AB3: {=IFERROR(INDEX('Resument Total - Ofertas Proyec'!$B:$B,MATCH(AE3,'Resument Total - Ofertas Proyec'!$D:$D,0)),"")} | AC3: {=IFERROR(INDEX('Imputación TR - Proyecto-Quince'!$B:$B,MATCH(AE3,'Imputación TR - Proyecto-Quince'!$C:$C,0)),"")} | AD3: Soporte usuarios | AF3: =IF(AI3="Otras Tecnologías","GoldenSource","") | AG3: Servicios prestados a proyectos sin código | AH3: Análisis y diseño (antigua fase de Diseño) | AI3: =IF(OR(AH3="Codificación",AH3="Pruebas"),"Otras Tecnologías","-") -> - | AJ3: =SUM(AK3:AY3) -> 71 | AK3: 5 | AL3: 6 | AO3: 9 | AP3: 9 | AQ3: 9 | AR3: 9 | AS3: 6 | AX3: 9 | AY3: 9 | BB3: {=IFERROR(INDEX('Resument Total - Ofertas Proyec'!$B:$B,MATCH(BE3,'Resument Total - Ofertas Proyec'!$D:$D,0)),"")} -> SDATOOL-51125 | BC3: {=IFERROR(INDEX('Imputación TR - Proyecto-Quince'!$B:$B,MATCH(BE3,'Imputación TR - Proyecto-Quince'!$C:$C,0)),"")} -> Migración FX y MM. Apagado Midas - CLS | BE3: CIBRDR-990 | BF3: =IF(BI3="Otras Tecnologías","GoldenSource","") -> GoldenSource | BG3: Servicios prestados a proyectos con código | BH3: Codificación | BI3: =IF(OR(BH3="Codificación",BH3="Pruebas"),"Otras Tecnologías","-") -> Otras Tecnologías | BJ3: =SUM(BK3:BY3) -> 50 | BN3: 5 | BO3: 5 | BP3: 5 | BQ3: 5 | BR3: 5 | BU3: 5 | BV3: 5 | BW3: 5 | BX3: 5 | BY3: 5 | CB3: {=IFERROR(INDEX('Resument Total - Ofertas Proyec'!$B:$B,MATCH(CE3,'Resument Total - Ofertas Proyec'!$D:$D,0)),"")} | CC3: {=IFERROR(INDEX('Imputación TR - Proyecto-Quince'!$B:$B,MATCH(CE3,'Imputación TR - Proyecto-Quince'!$C:$C,0)),"")} | CF3: =IF(CI3="Otras Tecnologías","GoldenSource","") | CG3: - | CI3: =IF(OR(CH3="Codificación",CH3="Pruebas"),"Otras Tecnologías","-") -> - | CJ3: =SUM(CK3:CZ3) -> 0 | DC3: {=IFERROR(INDEX('Resument Total - Ofertas Proyec'!$B:$B,MATCH(DF3,'Resument Total - Ofertas Proyec'!$D:$D,0)),"")} -> SDATOOL-34723 | DD3: {=IFERROR(INDEX('Imputación TR - Proyecto-Quince'!$B:$B,MATCH(DF3,'Imputación TR - Proyecto-Quince'!$C:$C,0)),"")} -> Calypso Filter | DF3: CIBRDR-1029 | DG3: =IF(DJ3="Otras Tecnologías","GoldenSource","") | DH3: Servicios prestados a proyectos con código | DI3: Análisis y diseño (antigua fase de Diseño) | DJ3: =IF(OR(DI3="Codificación",DI3="Pruebas"),"Otras Tecnologías","-") -> - | DK3: =SUM(DL3:EA3) -> 45 | DV3: 15 | DW3: 15 | DZ3: 15 | EC3: {=IFERROR(INDEX('Resument Total - Ofertas Proyec'!$B:$B,MATCH(EF3,'Resument Total - Ofertas Proyec'!$D:$D,0)),"")} | ED3: {=IFERROR(INDEX('Imputación TR - Proyecto-Quince'!$B:$B,MATCH(EF3,'Imputación TR - Proyecto-Quince'!$C:$C,0)),"")} | EE3: Soporte usuarios | EG3: =IF(EJ3="Otras Tecnologías","GoldenSource","") | EH3: Servicios prestados a proyectos sin código | EI3: Análisis y diseño (antigua fase de Diseño) | EJ3: =IF(OR(EI3="Codificación",EI3="Pruebas"),"Otras Tecnologías","-") -> - | EK3: =SUM(EL3:EZ3) -> 60 | ER3: 9 | ES3: 9 | ET3: 9 | EU3: 9 | EV3: 6 | EY3: 9 | EZ3: 9
BB4: {=IFERROR(INDEX('Resument Total - Ofertas Proyec'!$B:$B,MATCH(BE4,'Resument Total - Ofertas Proyec'!$D:$D,0)),"")} -> SDATOOL-38779 | BC4: {=IFERROR(INDEX('Imputación TR - Proyecto-Quince'!$B:$B,MATCH(BE4,'Imputación TR - Proyecto-Quince'!$C:$C,0)),"")} -> Sec Lending_Sponsored Repo | BE4: CIBRDR-994 | BG4: Servicios prestados a proyectos con código | BH4: Análisis y diseño (antigua fase de Diseño) | BJ4: =SUM(BK4:BY4) -> 50 | BU4: 10 | BV4: 10 | BW4: 10 | BX4: 10 | BY4: 10 | EG4: =IF(EJ4="Otras Tecnologías","GoldenSource","")
A5: Chema Martinez | B5: {=IFERROR(INDEX('Imputación TR - Proyecto-Quince'!$A:$A,MATCH(E5,'Imputación TR - Proyecto-Quince'!$C:$C,0)),"")} | D5: Soporte usuarios | G5: Servicios prestados a proyectos sin código | H5: Análisis y diseño (antigua fase de Diseño) | I5: - | J5: =SUM(K5:Y5) -> 87 | K5: 9 | L5: 9 | P5: 9 | Q5: 9 | R5: 9 | S5: 9 | T5: 6 | W5: 9 | X5: 9 | Y5: 9 | AA5: Chema Martinez | AB5: {=IFERROR(INDEX('Resument Total - Ofertas Proyec'!$B:$B,MATCH(AE5,'Resument Total - Ofertas Proyec'!$D:$D,0)),"")} -> SDATOOL-51827 | AC5: {=IFERROR(INDEX('Imputación TR - Proyecto-Quince'!$B:$B,MATCH(AE5,'Imputación TR - Proyecto-Quince'!$C:$C,0)),"")} -> Maestro emisiones | AE5: CIBRDR-945 | AF5: =IF(AI5="Otras Tecnologías","GoldenSource","") | AG5: Servicios prestados a proyectos con código | AH5: Análisis y diseño (antigua fase de Diseño) | AI5: =IF(OR(AH5="Codificación",AH5="Pruebas"),"Otras Tecnologías","-") -> - | AJ5: =SUM(AK5:AY5) -> 110 | AK5: 10 | AL5: 10 | AO5: 10 | AP5: 10 | AQ5: 10 | AR5: 10 | AS5: 10 | AV5: 10 | AW5: 10 | AX5: 10 | AY5: 10 | BA5: Chema Martinez | BB5: {=IFERROR(INDEX('Resument Total - Ofertas Proyec'!$B:$B,MATCH(BE5,'Resument Total - Ofertas Proyec'!$D:$D,0)),"")} -> SDATOOL-51827 | BC5: {=IFERROR(INDEX('Imputación TR - Proyecto-Quince'!$B:$B,MATCH(BE5,'Imputación TR - Proyecto-Quince'!$C:$C,0)),"")} -> Maestro emisiones | BE5: CIBRDR-945 | BF5: =IF(BI5="Otras Tecnologías","GoldenSource","") -> GoldenSource | BG5: Servicios prestados a proyectos con código | BH5: Codificación | BI5: =IF(OR(BH5="Codificación",BH5="Pruebas"),"Otras Tecnologías","-") -> Otras Tecnologías | BJ5: =SUM(BK5:BY5) -> 150 | BN5: 15 | BO5: 15 | BP5: 15 | BQ5: 15 | BR5: 15 | BU5: 15 | BV5: 15 | BW5: 15 | BX5: 15 | BY5: 15 | CA5: Chema Martinez | CB5: {=IFERROR(INDEX('Resument Total - Ofertas Proyec'!$B:$B,MATCH(CE5,'Resument Total - Ofertas Proyec'!$D:$D,0)),"")} -> SDATOOL-51827 | CC5: {=IFERROR(INDEX('Imputación TR - Proyecto-Quince'!$B:$B,MATCH(CE5,'Imputación TR - Proyecto-Quince'!$C:$C,0)),"")} -> Eventos Corporativos | CE5: CIBRDR-897 | CF5: =IF(CI5="Otras Tecnologías","GoldenSource","") -> GoldenSource | CG5: Servicios prestados a proyectos con código | CH5: Codificación | CI5: =IF(OR(CH5="Codificación",CH5="Pruebas"),"Otras Tecnologías","-") -> Otras Tecnologías | CJ5: =SUM(CK5:CZ5) -> 150 | CM5: 15 | CN5: 15 | CO5: 15 | CP5: 15 | CQ5: 15 | CT5: 15 | CU5: 15 | CV5: 15 | CW5: 15 | CX5: 15 | DB5: Chema Martinez | DC5: {=IFERROR(INDEX('Resument Total - Ofertas Proyec'!$B:$B,MATCH(DF5,'Resument Total - Ofertas Proyec'!$D:$D,0)),"")} -> SDATOOL-46848 | DD5: {=IFERROR(INDEX('Imputación TR - Proyecto-Quince'!$B:$B,MATCH(DF5,'Imputación TR - Proyecto-Quince'!$C:$C,0)),"")} -> Institutional Clients. Onboarding. | DF5: CIBRDR-718 | DG5: =IF(DJ5="Otras Tecnologías","GoldenSource","") -> GoldenSource | DH5: Servicios prestados a proyectos con código | DI5: Pruebas | DJ5: =IF(OR(DI5="Codificación",DI5="Pruebas"),"Otras Tecnologías","-") -> Otras Tecnologías | DK5: =SUM(DL5:EA5) -> 75 | DL5: 15 | DM5: 15 | DN5: 15 | DO5: 15 | DP5: 15 | EB5: Chema Martinez | EC5: {=IFERROR(INDEX('Resument Total - Ofertas Proyec'!$B:$B,MATCH(EF5,'Resument Total - Ofertas Proyec'!$D:$D,0)),"")} -> SDATOOL-55461 | ED5: {=IFERROR(INDEX('Imputación TR - Proyecto-Quince'!$B:$B,MATCH(EF5,'Imputación TR - Proyecto-Quince'!$C:$C,0)),"")} -> Refinamiento Productos Entregados | EF5: CIBRDR-917 | EG5: =IF(EJ5="Otras Tecnologías","GoldenSource","") | EH5: Servicios prestados a proyectos con código | EI5: Análisis y diseño (antigua fase de Diseño) | EJ5: =IF(OR(EI5="Codificación",EI5="Pruebas"),"Otras Tecnologías","-") -> - | EK5: =SUM(EL5:EZ5) -> 45 | EL5: 15 | EM5: 10 | EN5: 10 | EO5: 10
B6: {=IFERROR(INDEX('Imputación TR - Proyecto-Quince'!$A:$A,MATCH(E6,'Imputación TR - Proyecto-Quince'!$C:$C,0)),"")} | C6: {=IFERROR(INDEX('Imputación TR - Proyecto-Quince'!$B:$B,MATCH(E6,'Imputación TR - Proyecto-Quince'!$C:$C,0)),"")} | F6: =IF(I6="Otras Tecnologías","GoldenSource","") | G6: - | I6: =IF(OR(H6="Codificación",H6="Pruebas"),"Otras Tecnologías","-") -> - | J6: =SUM(K6:Y6) -> 0 | AB6: {=IFERROR(INDEX('Resument Total - Ofertas Proyec'!$B:$B,MATCH(AE6,'Resument Total - Ofertas Proyec'!$D:$D,0)),"")} | AC6: {=IFERROR(INDEX('Imputación TR - Proyecto-Quince'!$B:$B,MATCH(AE6,'Imputación TR - Proyecto-Quince'!$C:$C,0)),"")} | AF6: =IF(AI6="Otras Tecnologías","GoldenSource","") | AG6: - | AI6: =IF(OR(AH6="Codificación",AH6="Pruebas"),"Otras Tecnologías","-") -> - | AJ6: =SUM(AK6:AY6) -> 0 | BB6: {=IFERROR(INDEX('Resument Total - Ofertas Proyec'!$B:$B,MATCH(BE6,'Resument Total - Ofertas Proyec'!$D:$D,0)),"")} | BC6: {=IFERROR(INDEX('Imputación TR - Proyecto-Quince'!$B:$B,MATCH(BE6,'Imputación TR - Proyecto-Quince'!$C:$C,0)),"")} | BF6: =IF(BI6="Otras Tecnologías","GoldenSource","") | BG6: - | BI6: =IF(OR(BH6="Codificación",BH6="Pruebas"),"Otras Tecnologías","-") -> - | BJ6: =SUM(BK6:BY6) -> 0 | CB6: {=IFERROR(INDEX('Resument Total - Ofertas Proyec'!$B:$B,MATCH(CE6,'Resument Total - Ofertas Proyec'!$D:$D,0)),"")} | CC6: {=IFERROR(INDEX('Imputación TR - Proyecto-Quince'!$B:$B,MATCH(CE6,'Imputación TR - Proyecto-Quince'!$C:$C,0)),"")} | CF6: =IF(CI6="Otras Tecnologías","GoldenSource","") | CG6: - | CI6: =IF(OR(CH6="Codificación",CH6="Pruebas"),"Otras Tecnologías","-") -> - | CJ6: =SUM(CK6:CZ6) -> 0 | DC6: {=IFERROR(INDEX('Resument Total - Ofertas Proyec'!$B:$B,MATCH(DF6,'Resument Total - Ofertas Proyec'!$D:$D,0)),"")} | DD6: {=IFERROR(INDEX('Imputación TR - Proyecto-Quince'!$B:$B,MATCH(DF6,'Imputación TR - Proyecto-Quince'!$C:$C,0)),"")} | DE6: Soporte usuarios | DG6: =IF(DJ6="Otras Tecnologías","GoldenSource","") | DH6: Servicios prestados a proyectos sin código | DI6: Análisis y diseño (antigua fase de Diseño) | DJ6: =IF(OR(DI6="Codificación",DI6="Pruebas"),"Otras Tecnologías","-") -> - | DK6: =SUM(DL6:EA6) -> 51 | DS6: 9 | DT6: 9 | DU6: 9 | DV6: 9 | DW6: 6 | DZ6: 9 | EC6: {=IFERROR(INDEX('Resument Total - Ofertas Proyec'!$B:$B,MATCH(EF6,'Resument Total - Ofertas Proyec'!$D:$D,0)),"")} | ED6: {=IFERROR(INDEX('Imputación TR - Proyecto-Quince'!$B:$B,MATCH(EF6,'Imputación TR - Proyecto-Quince'!$C:$C,0)),"")} | EE6: Soporte usuarios | EG6: =IF(EJ6="Otras Tecnologías","GoldenSource","") | EH6: Servicios prestados a proyectos sin código | EI6: Análisis y diseño (antigua fase de Diseño) | EJ6: =IF(OR(EI6="Codificación",EI6="Pruebas"),"Otras Tecnologías","-") -> - | EK6: =SUM(EL6:EZ6) -> 60 | ER6: 9 | ES6: 9 | ET6: 9 | EU6: 9 | EV6: 6 | EY6: 9 | EZ6: 9
B7: {=IFERROR(INDEX('Imputación TR - Proyecto-Quince'!$A:$A,MATCH(E7,'Imputación TR - Proyecto-Quince'!$C:$C,0)),"")} | C7: {=IFERROR(INDEX('Imputación TR - Proyecto-Quince'!$B:$B,MATCH(E7,'Imputación TR - Proyecto-Quince'!$C:$C,0)),"")} | F7: =IF(I7="Otras Tecnologías","GoldenSource","") | G7: - | I7: =IF(OR(H7="Codificación",H7="Pruebas"),"Otras Tecnologías","-") -> - | J7: =SUM(K7:Y7) -> 0 | AB7: {=IFERROR(INDEX('Resument Total - Ofertas Proyec'!$B:$B,MATCH(AE7,'Resument Total - Ofertas Proyec'!$D:$D,0)),"")} | AC7: {=IFERROR(INDEX('Imputación TR - Proyecto-Quince'!$B:$B,MATCH(AE7,'Imputación TR - Proyecto-Quince'!$C:$C,0)),"")} | AF7: =IF(AI7="Otras Tecnologías","GoldenSource","") | AG7: - | AI7: =IF(OR(AH7="Codificación",AH7="Pruebas"),"Otras Tecnologías","-") -> - | AJ7: =SUM(AK7:AY7) -> 0 | BB7: {=IFERROR(INDEX('Resument Total - Ofertas Proyec'!$B:$B,MATCH(BE7,'Resument Total - Ofertas Proyec'!$D:$D,0)),"")} | BC7: {=IFERROR(INDEX('Imputación TR - Proyecto-Quince'!$B:$B,MATCH(BE7,'Imputación TR - Proyecto-Quince'!$C:$C,0)),"")} | BF7: =IF(BI7="Otras Tecnologías","GoldenSource","") | BG7: - | BI7: =IF(OR(BH7="Codificación",BH7="Pruebas"),"Otras Tecnologías","-") -> - | BJ7: =SUM(BK7:BY7) -> 0 | CB7: {=IFERROR(INDEX('Resument Total - Ofertas Proyec'!$B:$B,MATCH(CE7,'Resument Total - Ofertas Proyec'!$D:$D,0)),"")} | CC7: {=IFERROR(INDEX('Imputación TR - Proyecto-Quince'!$B:$B,MATCH(CE7,'Imputación TR - Proyecto-Quince'!$C:$C,0)),"")} | CF7: =IF(CI7="Otras Tecnologías","GoldenSource","") | CG7: - | CI7: =IF(OR(CH7="Codificación",CH7="Pruebas"),"Otras Tecnologías","-") -> - | CJ7: =SUM(CK7:CZ7) -> 0 | DC7: {=IFERROR(INDEX('Resument Total - Ofertas Proyec'!$B:$B,MATCH(DF7,'Resument Total - Ofertas Proyec'!$D:$D,0)),"")} | DD7: {=IFERROR(INDEX('Imputación TR - Proyecto-Quince'!$B:$B,MATCH(DF7,'Imputación TR - Proyecto-Quince'!$C:$C,0)),"")} | DG7: =IF(DJ7="Otras Tecnologías","GoldenSource","") | DH7: - | DJ7: =IF(OR(DI7="Codificación",DI7="Pruebas"),"Otras Tecnologías","-") -> - | DK7: =SUM(DL7:EA7) -> 0 | EC7: {=IFERROR(INDEX('Resument Total - Ofertas Proyec'!$B:$B,MATCH(EF7,'Resument Total - Ofertas Proyec'!$D:$D,0)),"")} | ED7: {=IFERROR(INDEX('Imputación TR - Proyecto-Quince'!$B:$B,MATCH(EF7,'Imputación TR - Proyecto-Quince'!$C:$C,0)),"")} | EG7: =IF(EJ7="Otras Tecnologías","GoldenSource","") | EH7: - | EJ7: =IF(OR(EI7="Codificación",EI7="Pruebas"),"Otras Tecnologías","-") -> - | EK7: =SUM(EL7:EZ7) -> 0
A8: Dariel Suárez | B8: {=IFERROR(INDEX('Imputación TR - Proyecto-Quince'!$A:$A,MATCH(E8,'Imputación TR - Proyecto-Quince'!$C:$C,0)),"")} | D8: Soporte usuarios | G8: Servicios prestados a proyectos sin código | H8: Análisis y diseño (antigua fase de Diseño) | I8: - | J8: =SUM(K8:Y8) -> 87 | K8: 9 | L8: 9 | P8: 9 | Q8: 9 | R8: 9 | S8: 9 | T8: 6 | W8: 9 | X8: 9 | Y8: 9 | AA8: Dariel Suárez | AB8: {=IFERROR(INDEX('Resument Total - Ofertas Proyec'!$B:$B,MATCH(AE8,'Resument Total - Ofertas Proyec'!$D:$D,0)),"")} -> SDATOOL-34546 | AC8: {=IFERROR(INDEX('Imputación TR - Proyecto-Quince'!$B:$B,MATCH(AE8,'Imputación TR - Proyecto-Quince'!$C:$C,0)),"")} -> Calypso V. Migración productos estructurados F5. | AE8: CIBRDR-954 | AF8: =IF(AI8="Otras Tecnologías","GoldenSource","") | AG8: Servicios prestados a proyectos con código | AH8: Análisis y diseño (antigua fase de Diseño) | AI8: =IF(OR(AH8="Codificación",AH8="Pruebas"),"Otras Tecnologías","-") -> - | AJ8: =SUM(AK8:AY8) -> 110 | AK8: 10 | AL8: 10 | AO8: 10 | AP8: 10 | AQ8: 10 | AR8: 10 | AS8: 10 | AV8: 10 | AW8: 10 | AX8: 10 | AY8: 10 | BA8: Dariel Suárez | BB8: {=IFERROR(INDEX('Resument Total - Ofertas Proyec'!$B:$B,MATCH(BE8,'Resument Total - Ofertas Proyec'!$D:$D,0)),"")} -> SDATOOL-34546 | BC8: {=IFERROR(INDEX('Imputación TR - Proyecto-Quince'!$B:$B,MATCH(BE8,'Imputación TR - Proyecto-Quince'!$C:$C,0)),"")} -> Calypso V. Migración productos estructurados F5. | BE8: CIBRDR-954 | BF8: =IF(BI8="Otras Tecnologías","GoldenSource","") | BG8: Servicios prestados a proyectos con código | BH8: Análisis y diseño (antigua fase de Diseño) | BI8: =IF(OR(BH8="Codificación",BH8="Pruebas"),"Otras Tecnologías","-") -> - | BJ8: =SUM(BK8:BY8) -> 50 | BU8: 10 | BV8: 10 | BW8: 10 | BX8: 10 | BY8: 10 | CA8: Dariel Suárez | CB8: {=IFERROR(INDEX('Resument Total - Ofertas Proyec'!$B:$B,MATCH(CE8,'Resument Total - Ofertas Proyec'!$D:$D,0)),"")} -> SDATOOL-51125 | CC8: {=IFERROR(INDEX('Imputación TR - Proyecto-Quince'!$B:$B,MATCH(CE8,'Imputación TR - Proyecto-Quince'!$C:$C,0)),"")} -> Migración FX y MM. Apagado Midas - CLS | CE8: CIBRDR-990 | CF8: =IF(CI8="Otras Tecnologías","GoldenSource","") -> GoldenSource | CG8: Servicios prestados a proyectos con código | CH8: Pruebas | CI8: =IF(OR(CH8="Codificación",CH8="Pruebas"),"Otras Tecnologías","-") -> Otras Tecnologías | CJ8: =SUM(CK8:CZ8) -> 150 | CM8: 15 | CN8: 15 | CO8: 15 | CP8: 15 | CQ8: 15 | CT8: 15 | CU8: 15 | CV8: 15 | CW8: 15 | CX8: 15 | DB8: Dariel Suárez | DC8: {=IFERROR(INDEX('Resument Total - Ofertas Proyec'!$B:$B,MATCH(DF8,'Resument Total - Ofertas Proyec'!$D:$D,0)),"")} -> SDATOOL-34546 | DD8: {=IFERROR(INDEX('Imputación TR - Proyecto-Quince'!$B:$B,MATCH(DF8,'Imputación TR - Proyecto-Quince'!$C:$C,0)),"")} -> Calypso V. Migración productos estructurados F5. | DF8: CIBRDR-954 | DG8: =IF(DJ8="Otras Tecnologías","GoldenSource","") -> GoldenSource | DH8: Servicios prestados a proyectos con código | DI8: Pruebas | DJ8: =IF(OR(DI8="Codificación",DI8="Pruebas"),"Otras Tecnologías","-") -> Otras Tecnologías | DK8: =SUM(DL8:EA8) -> 35 | DL8: 10 | DM8: 10 | DN8: 5 | DO8: 5 | DP8: 5 | EB8: Dariel Suárez | EC8: {=IFERROR(INDEX('Resument Total - Ofertas Proyec'!$B:$B,MATCH(EF8,'Resument Total - Ofertas Proyec'!$D:$D,0)),"")} -> SDATOOL-51125 | ED8: {=IFERROR(INDEX('Imputación TR - Proyecto-Quince'!$B:$B,MATCH(EF8,'Imputación TR - Proyecto-Quince'!$C:$C,0)),"")} -> Migración FX y MM. Apagado Midas - Operaciones | EF8: CIBRDR-766 | EG8: =IF(EJ8="Otras Tecnologías","GoldenSource","") | EH8: Servicios prestados a proyectos con código | EI8: Análisis y diseño (antigua fase de Diseño) | EJ8: =IF(OR(EI8="Codificación",EI8="Pruebas"),"Otras Tecnologías","-") -> - | EK8: =SUM(EL8:EZ8) -> 59 | EL8: 15 | EM8: 15 | EN8: 15 | EO8: 14
B9: {=IFERROR(INDEX('Imputación TR - Proyecto-Quince'!$A:$A,MATCH(E9,'Imputación TR - Proyecto-Quince'!$C:$C,0)),"")} | C9: {=IFERROR(INDEX('Imputación TR - Proyecto-Quince'!$B:$B,MATCH(E9,'Imputación TR - Proyecto-Quince'!$C:$C,0)),"")} | F9: =IF(I9="Otras Tecnologías","GoldenSource","") | G9: - | I9: =IF(OR(H9="Codificación",H9="Pruebas"),"Otras Tecnologías","-") -> - | J9: =SUM(K9:Y9) -> 0 | AB9: {=IFERROR(INDEX('Resument Total - Ofertas Proyec'!$B:$B,MATCH(AE9,'Resument Total - Ofertas Proyec'!$D:$D,0)),"")} | AC9: {=IFERROR(INDEX('Imputación TR - Proyecto-Quince'!$B:$B,MATCH(AE9,'Imputación TR - Proyecto-Quince'!$C:$C,0)),"")} | AF9: =IF(AI9="Otras Tecnologías","GoldenSource","") | AG9: - | AI9: =IF(OR(AH9="Codificación",AH9="Pruebas"),"Otras Tecnologías","-") -> - | AJ9: =SUM(AK9:AY9) -> 0 | BB9: {=IFERROR(INDEX('Resument Total - Ofertas Proyec'!$B:$B,MATCH(BE9,'Resument Total - Ofertas Proyec'!$D:$D,0)),"")} -> SDATOOL-51125 | BC9: {=IFERROR(INDEX('Imputación TR - Proyecto-Quince'!$B:$B,MATCH(BE9,'Imputación TR - Proyecto-Quince'!$C:$C,0)),"")} -> Migración FX y MM. Apagado Midas - CLS | BE9: CIBRDR-990 | BF9: =IF(BI9="Otras Tecnologías","GoldenSource","") -> GoldenSource | BG9: Servicios prestados a proyectos con código | BH9: Codificación | BI9: =IF(OR(BH9="Codificación",BH9="Pruebas"),"Otras Tecnologías","-") -> Otras Tecnologías | BJ9: =SUM(BK9:BY9) -> 75 | BN9: 15 | BO9: 15 | BP9: 15 | BQ9: 15 | BR9: 15 | CB9: {=IFERROR(INDEX('Resument Total - Ofertas Proyec'!$B:$B,MATCH(CE9,'Resument Total - Ofertas Proyec'!$D:$D,0)),"")} | CC9: {=IFERROR(INDEX('Imputación TR - Proyecto-Quince'!$B:$B,MATCH(CE9,'Imputación TR - Proyecto-Quince'!$C:$C,0)),"")} | CF9: =IF(CI9="Otras Tecnologías","GoldenSource","") | CG9: - | CI9: =IF(OR(CH9="Codificación",CH9="Pruebas"),"Otras Tecnologías","-") -> - | CJ9: =SUM(CK9:CZ9) -> 0 | DC9: {=IFERROR(INDEX('Resument Total - Ofertas Proyec'!$B:$B,MATCH(DF9,'Resument Total - Ofertas Proyec'!$D:$D,0)),"")} -> SDATOOL-51125 | DD9: {=IFERROR(INDEX('Imputación TR - Proyecto-Quince'!$B:$B,MATCH(DF9,'Imputación TR - Proyecto-Quince'!$C:$C,0)),"")} -> Migración FX y MM. Apagado Midas - Operaciones | DF9: CIBRDR-766 | DG9: =IF(DJ9="Otras Tecnologías","GoldenSource","") | DH9: Servicios prestados a proyectos con código | DI9: Análisis y diseño (antigua fase de Diseño) | DJ9: =IF(OR(DI9="Codificación",DI9="Pruebas"),"Otras Tecnologías","-") -> - | DK9: =SUM(DL9:EA9) -> 135 | DL9: 7 | DM9: 7 | DN9: 12 | DO9: 12 | DP9: 12 | DS9: 17 | DT9: 17 | DU9: 17 | DV9: 17 | DW9: 17 | EC9: {=IFERROR(INDEX('Resument Total - Ofertas Proyec'!$B:$B,MATCH(EF9,'Resument Total - Ofertas Proyec'!$D:$D,0)),"")} | ED9: {=IFERROR(INDEX('Imputación TR - Proyecto-Quince'!$B:$B,MATCH(EF9,'Imputación TR - Proyecto-Quince'!$C:$C,0)),"")} | EE9: Soporte usuarios | EH9: Servicios prestados a proyectos sin código | EI9: Análisis y diseño (antigua fase de Diseño) | EJ9: =IF(OR(EI9="Codificación",EI9="Pruebas"),"Otras Tecnologías","-") -> - | EK9: =SUM(EL9:EZ9) -> 60 | ER9: 9 | ES9: 9 | ET9: 9 | EU9: 9 | EV9: 6 | EY9: 9 | EZ9: 9
B10: {=IFERROR(INDEX('Imputación TR - Proyecto-Quince'!$A:$A,MATCH(E10,'Imputación TR - Proyecto-Quince'!$C:$C,0)),"")} | C10: {=IFERROR(INDEX('Imputación TR - Proyecto-Quince'!$B:$B,MATCH(E10,'Imputación TR - Proyecto-Quince'!$C:$C,0)),"")} | F10: =IF(I10="Otras Tecnologías","GoldenSource","") | G10: - | I10: =IF(OR(H10="Codificación",H10="Pruebas"),"Otras Tecnologías","-") -> - | J10: =SUM(K10:Y10) -> 0 | AB10: {=IFERROR(INDEX('Resument Total - Ofertas Proyec'!$B:$B,MATCH(AE10,'Resument Total - Ofertas Proyec'!$D:$D,0)),"")} | AC10: {=IFERROR(INDEX('Imputación TR - Proyecto-Quince'!$B:$B,MATCH(AE10,'Imputación TR - Proyecto-Quince'!$C:$C,0)),"")} | AF10: =IF(AI10="Otras Tecnologías","GoldenSource","") | AG10: - | AI10: =IF(OR(AH10="Codificación",AH10="Pruebas"),"Otras Tecnologías","-") -> - | AJ10: =SUM(AK10:AY10) -> 0 | BB10: {=IFERROR(INDEX('Resument Total - Ofertas Proyec'!$B:$B,MATCH(BE10,'Resument Total - Ofertas Proyec'!$D:$D,0)),"")} | BC10: {=IFERROR(INDEX('Imputación TR - Proyecto-Quince'!$B:$B,MATCH(BE10,'Imputación TR - Proyecto-Quince'!$C:$C,0)),"")} | BF10: =IF(BI10="Otras Tecnologías","GoldenSource","") | BG10: - | BI10: =IF(OR(BH10="Codificación",BH10="Pruebas"),"Otras Tecnologías","-") -> - | BJ10: =SUM(BK10:BY10) -> 0 | CB10: {=IFERROR(INDEX('Resument Total - Ofertas Proyec'!$B:$B,MATCH(CE10,'Resument Total - Ofertas Proyec'!$D:$D,0)),"")} | CC10: {=IFERROR(INDEX('Imputación TR - Proyecto-Quince'!$B:$B,MATCH(CE10,'Imputación TR - Proyecto-Quince'!$C:$C,0)),"")} | CF10: =IF(CI10="Otras Tecnologías","GoldenSource","") | CG10: - | CI10: =IF(OR(CH10="Codificación",CH10="Pruebas"),"Otras Tecnologías","-") -> - | CJ10: =SUM(CK10:CZ10) -> 0 | DC10: {=IFERROR(INDEX('Resument Total - Ofertas Proyec'!$B:$B,MATCH(DF10,'Resument Total - Ofertas Proyec'!$D:$D,0)),"")} | DD10: {=IFERROR(INDEX('Imputación TR - Proyecto-Quince'!$B:$B,MATCH(DF10,'Imputación TR - Proyecto-Quince'!$C:$C,0)),"")} | DE10: Soporte usuarios | DG10: =IF(DJ10="Otras Tecnologías","GoldenSource","") | DH10: Servicios prestados a proyectos sin código | DI10: Análisis y diseño (antigua fase de Diseño) | DJ10: =IF(OR(DI10="Codificación",DI10="Pruebas"),"Otras Tecnologías","-") -> - | DK10: =SUM(DL10:EA10) -> 9 | DZ10: 9 | EC10: {=IFERROR(INDEX('Resument Total - Ofertas Proyec'!$B:$B,MATCH(EF10,'Resument Total - Ofertas Proyec'!$D:$D,0)),"")} | ED10: {=IFERROR(INDEX('Imputación TR - Proyecto-Quince'!$B:$B,MATCH(EF10,'Imputación TR - Proyecto-Quince'!$C:$C,0)),"")} | EG10: =IF(EJ10="Otras Tecnologías","GoldenSource","") | EH10: - | EJ10: =IF(OR(EI10="Codificación",EI10="Pruebas"),"Otras Tecnologías","-") -> - | EK10: =SUM(EL10:EZ10) -> 0
A11: David Joel | B11: {=IFERROR(INDEX('Imputación TR - Proyecto-Quince'!$A:$A,MATCH(E11,'Imputación TR - Proyecto-Quince'!$C:$C,0)),"")} | D11: Soporte usuarios | G11: Servicios prestados a proyectos sin código | H11: Análisis y diseño (antigua fase de Diseño) | I11: - | J11: =SUM(K11:Y11) -> 87 | K11: 9 | L11: 9 | P11: 9 | Q11: 9 | R11: 9 | S11: 9 | T11: 6 | W11: 9 | X11: 9 | Y11: 9 | AA11: David Joel | AB11: {=IFERROR(INDEX('Resument Total - Ofertas Proyec'!$B:$B,MATCH(AE11,'Resument Total - Ofertas Proyec'!$D:$D,0)),"")} -> SDATOOL-51827 | AC11: {=IFERROR(INDEX('Imputación TR - Proyecto-Quince'!$B:$B,MATCH(AE11,'Imputación TR - Proyecto-Quince'!$C:$C,0)),"")} -> Eventos Corporativos | AE11: CIBRDR-897 | AF11: =IF(AI11="Otras Tecnologías","GoldenSource","") | AG11: Servicios prestados a proyectos con código | AH11: Análisis y diseño (antigua fase de Diseño) | AI11: =IF(OR(AH11="Codificación",AH11="Pruebas"),"Otras Tecnologías","-") -> - | AJ11: =SUM(AK11:AY11) -> 110 | AK11: 10 | AL11: 10 | AO11: 10 | AP11: 10 | AQ11: 10 | AR11: 10 | AS11: 10 | AV11: 10 | AW11: 10 | AX11: 10 | AY11: 10 | BA11: David Joel | BB11: {=IFERROR(INDEX('Resument Total - Ofertas Proyec'!$B:$B,MATCH(BE11,'Resument Total - Ofertas Proyec'!$D:$D,0)),"")} -> SDATOOL-51827 | BC11: {=IFERROR(INDEX('Imputación TR - Proyecto-Quince'!$B:$B,MATCH(BE11,'Imputación TR - Proyecto-Quince'!$C:$C,0)),"")} -> Eventos Corporativos | BE11: CIBRDR-897 | BF11: =IF(BI11="Otras Tecnologías","GoldenSource","") -> GoldenSource | BG11: Servicios prestados a proyectos con código | BH11: Codificación | BI11: =IF(OR(BH11="Codificación",BH11="Pruebas"),"Otras Tecnologías","-") -> Otras Tecnologías | BJ11: =SUM(BK11:BY11) -> 150 | BN11: 15 | BO11: 15 | BP11: 15 | BQ11: 15 | BR11: 15 | BU11: 15 | BV11: 15 | BW11: 15 | BX11: 15 | BY11: 15 | CA11: David Joel | CB11: {=IFERROR(INDEX('Resument Total - Ofertas Proyec'!$B:$B,MATCH(CE11,'Resument Total - Ofertas Proyec'!$D:$D,0)),"")} -> SDATOOL-38779 | CC11: {=IFERROR(INDEX('Imputación TR - Proyecto-Quince'!$B:$B,MATCH(CE11,'Imputación TR - Proyecto-Quince'!$C:$C,0)),"")} -> Sec Lending_Sponsored Repo | CE11: CIBRDR-994 | CF11: =IF(CI11="Otras Tecnologías","GoldenSource","") -> GoldenSource | CG11: Servicios prestados a proyectos con código | CH11: Codificación | CI11: =IF(OR(CH11="Codificación",CH11="Pruebas"),"Otras Tecnologías","-") -> Otras Tecnologías | CJ11: =SUM(CK11:CZ11) -> 150 | CM11: 15 | CN11: 15 | CO11: 15 | CP11: 15 | CQ11: 15 | CT11: 15 | CU11: 15 | CV11: 15 | CW11: 15 | CX11: 15 | DB11: David Joel | DC11: {=IFERROR(INDEX('Resument Total - Ofertas Proyec'!$B:$B,MATCH(DF11,'Resument Total - Ofertas Proyec'!$D:$D,0)),"")} -> SDATOOL-46848 | DD11: {=IFERROR(INDEX('Imputación TR - Proyecto-Quince'!$B:$B,MATCH(DF11,'Imputación TR - Proyecto-Quince'!$C:$C,0)),"")} -> Institutional Clients. Onboarding. | DF11: CIBRDR-718 | DG11: =IF(DJ11="Otras Tecnologías","GoldenSource","") -> GoldenSource | DH11: Servicios prestados a proyectos con código | DI11: Pruebas | DJ11: =IF(OR(DI11="Codificación",DI11="Pruebas"),"Otras Tecnologías","-") -> Otras Tecnologías | DK11: =SUM(DL11:EA11) -> 35 | DL11: 10 | DM11: 10 | DN11: 10 | DO11: 5 | EB11: David Joel | EC11: {=IFERROR(INDEX('Resument Total - Ofertas Proyec'!$B:$B,MATCH(EF11,'Resument Total - Ofertas Proyec'!$D:$D,0)),"")} | ED11: {=IFERROR(INDEX('Imputación TR - Proyecto-Quince'!$B:$B,MATCH(EF11,'Imputación TR - Proyecto-Quince'!$C:$C,0)),"")} | EE11: Soporte usuarios | EG11: =IF(EJ11="Otras Tecnologías","GoldenSource","") | EH11: Servicios prestados a proyectos sin código | EI11: Análisis y diseño (antigua fase de Diseño) | EJ11: =IF(OR(EI11="Codificación",EI11="Pruebas"),"Otras Tecnologías","-") -> - | EK11: =SUM(EL11:EZ11) -> 93 | EL11: 9 | EM11: 9 | EN11: 9 | EO11: 6 | ER11: 9 | ES11: 9 | ET11: 9 | EU11: 9 | EV11: 6 | EY11: 9 | EZ11: 9
B12: {=IFERROR(INDEX('Imputación TR - Proyecto-Quince'!$A:$A,MATCH(E12,'Imputación TR - Proyecto-Quince'!$C:$C,0)),"")} | C12: {=IFERROR(INDEX('Imputación TR - Proyecto-Quince'!$B:$B,MATCH(E12,'Imputación TR - Proyecto-Quince'!$C:$C,0)),"")} | F12: =IF(I12="Otras Tecnologías","GoldenSource","") | G12: - | I12: =IF(OR(H12="Codificación",H12="Pruebas"),"Otras Tecnologías","-") -> - | J12: =SUM(K12:Y12) -> 0 | AB12: {=IFERROR(INDEX('Resument Total - Ofertas Proyec'!$B:$B,MATCH(AE12,'Resument Total - Ofertas Proyec'!$D:$D,0)),"")} | AC12: {=IFERROR(INDEX('Imputación TR - Proyecto-Quince'!$B:$B,MATCH(AE12,'Imputación TR - Proyecto-Quince'!$C:$C,0)),"")} | AF12: =IF(AI12="Otras Tecnologías","GoldenSource","") | AG12: - | AI12: =IF(OR(AH12="Codificación",AH12="Pruebas"),"Otras Tecnologías","-") -> - | AJ12: =SUM(AK12:AY12) -> 0 | BB12: {=IFERROR(INDEX('Resument Total - Ofertas Proyec'!$B:$B,MATCH(BE12,'Resument Total - Ofertas Proyec'!$D:$D,0)),"")} | BC12: {=IFERROR(INDEX('Imputación TR - Proyecto-Quince'!$B:$B,MATCH(BE12,'Imputación TR - Proyecto-Quince'!$C:$C,0)),"")} | BF12: =IF(BI12="Otras Tecnologías","GoldenSource","") | BI12: =IF(OR(BH12="Codificación",BH12="Pruebas"),"Otras Tecnologías","-") -> - | BJ12: =SUM(BK12:BY12) -> 0 | CB12: {=IFERROR(INDEX('Resument Total - Ofertas Proyec'!$B:$B,MATCH(CE12,'Resument Total - Ofertas Proyec'!$D:$D,0)),"")} | CC12: {=IFERROR(INDEX('Imputación TR - Proyecto-Quince'!$B:$B,MATCH(CE12,'Imputación TR - Proyecto-Quince'!$C:$C,0)),"")} | CF12: =IF(CI12="Otras Tecnologías","GoldenSource","") | CG12: - | CI12: =IF(OR(CH12="Codificación",CH12="Pruebas"),"Otras Tecnologías","-") -> - | CJ12: =SUM(CK12:CZ12) -> 0 | DC12: {=IFERROR(INDEX('Resument Total - Ofertas Proyec'!$B:$B,MATCH(DF12,'Resument Total - Ofertas Proyec'!$D:$D,0)),"")} | DD12: {=IFERROR(INDEX('Imputación TR - Proyecto-Quince'!$B:$B,MATCH(DF12,'Imputación TR - Proyecto-Quince'!$C:$C,0)),"")} | DE12: Soporte usuarios | DH12: Servicios prestados a proyectos sin código | DI12: Análisis y diseño (antigua fase de Diseño) | DJ12: Análisis y diseño (antigua fase de Diseño) | DK12: =SUM(DL12:EA12) -> 62 | DO12: 5 | DP12: 6 | DS12: 9 | DT12: 9 | DU12: 9 | DV12: 9 | DW12: 6 | DZ12: 9 | EC12: {=IFERROR(INDEX('Resument Total - Ofertas Proyec'!$B:$B,MATCH(EF12,'Resument Total - Ofertas Proyec'!$D:$D,0)),"")} | ED12: {=IFERROR(INDEX('Imputación TR - Proyecto-Quince'!$B:$B,MATCH(EF12,'Imputación TR - Proyecto-Quince'!$C:$C,0)),"")} | EG12: =IF(EJ12="Otras Tecnologías","GoldenSource","") | EH12: - | EJ12: =IF(OR(EI12="Codificación",EI12="Pruebas"),"Otras Tecnologías","-") -> - | EK12: =SUM(EL12:EZ12) -> 0
B13: {=IFERROR(INDEX('Imputación TR - Proyecto-Quince'!$A:$A,MATCH(E13,'Imputación TR - Proyecto-Quince'!$C:$C,0)),"")} | C13: {=IFERROR(INDEX('Imputación TR - Proyecto-Quince'!$B:$B,MATCH(E13,'Imputación TR - Proyecto-Quince'!$C:$C,0)),"")} | F13: =IF(I13="Otras Tecnologías","GoldenSource","") | G13: - | I13: =IF(OR(H13="Codificación",H13="Pruebas"),"Otras Tecnologías","-") -> - | J13: =SUM(K13:Y13) -> 0 | AB13: {=IFERROR(INDEX('Resument Total - Ofertas Proyec'!$B:$B,MATCH(AE13,'Resument Total - Ofertas Proyec'!$D:$D,0)),"")} | AC13: {=IFERROR(INDEX('Imputación TR - Proyecto-Quince'!$B:$B,MATCH(AE13,'Imputación TR - Proyecto-Quince'!$C:$C,0)),"")} | AF13: =IF(AI13="Otras Tecnologías","GoldenSource","") | AG13: - | AI13: =IF(OR(AH13="Codificación",AH13="Pruebas"),"Otras Tecnologías","-") -> - | AJ13: =SUM(AK13:AY13) -> 0 | BB13: {=IFERROR(INDEX('Resument Total - Ofertas Proyec'!$B:$B,MATCH(BE13,'Resument Total - Ofertas Proyec'!$D:$D,0)),"")} | BC13: {=IFERROR(INDEX('Imputación TR - Proyecto-Quince'!$B:$B,MATCH(BE13,'Imputación TR - Proyecto-Quince'!$C:$C,0)),"")} | BF13: =IF(BI13="Otras Tecnologías","GoldenSource","") | BG13: - | BI13: =IF(OR(BH13="Codificación",BH13="Pruebas"),"Otras Tecnologías","-") -> - | BJ13: =SUM(BK13:BY13) -> 0 | CB13: {=IFERROR(INDEX('Resument Total - Ofertas Proyec'!$B:$B,MATCH(CE13,'Resument Total - Ofertas Proyec'!$D:$D,0)),"")} | CC13: {=IFERROR(INDEX('Imputación TR - Proyecto-Quince'!$B:$B,MATCH(CE13,'Imputación TR - Proyecto-Quince'!$C:$C,0)),"")} | CF13: =IF(CI13="Otras Tecnologías","GoldenSource","") | CG13: - | CI13: =IF(OR(CH13="Codificación",CH13="Pruebas"),"Otras Tecnologías","-") -> - | CJ13: =SUM(CK13:CZ13) -> 0 | DC13: {=IFERROR(INDEX('Resument Total - Ofertas Proyec'!$B:$B,MATCH(DF13,'Resument Total - Ofertas Proyec'!$D:$D,0)),"")} | DD13: {=IFERROR(INDEX('Imputación TR - Proyecto-Quince'!$B:$B,MATCH(DF13,'Imputación TR - Proyecto-Quince'!$C:$C,0)),"")} | DG13: =IF(DJ13="Otras Tecnologías","GoldenSource","") | DH13: - | DJ13: =IF(OR(DI13="Codificación",DI13="Pruebas"),"Otras Tecnologías","-") -> - | DK13: =SUM(DL13:EA13) -> 0 | EC13: {=IFERROR(INDEX('Resument Total - Ofertas Proyec'!$B:$B,MATCH(EF13,'Resument Total - Ofertas Proyec'!$D:$D,0)),"")} | ED13: {=IFERROR(INDEX('Imputación TR - Proyecto-Quince'!$B:$B,MATCH(EF13,'Imputación TR - Proyecto-Quince'!$C:$C,0)),"")} | EG13: =IF(EJ13="Otras Tecnologías","GoldenSource","") | EH13: - | EJ13: =IF(OR(EI13="Codificación",EI13="Pruebas"),"Otras Tecnologías","-") -> - | EK13: =SUM(EL13:EZ13) -> 0
A14: Eduardo Varona | B14: {=IFERROR(INDEX('Imputación TR - Proyecto-Quince'!$A:$A,MATCH(E14,'Imputación TR - Proyecto-Quince'!$C:$C,0)),"")} | D14: Soporte usuarios | G14: Servicios prestados a proyectos sin código | H14: Análisis y diseño (antigua fase de Diseño) | I14: - | J14: =SUM(K14:Y14) -> 87 | K14: 9 | L14: 9 | P14: 9 | Q14: 9 | R14: 9 | S14: 9 | T14: 6 | W14: 9 | X14: 9 | Y14: 9 | AA14: Eduardo Varona | AB14: {=IFERROR(INDEX('Resument Total - Ofertas Proyec'!$B:$B,MATCH(AE14,'Resument Total - Ofertas Proyec'!$D:$D,0)),"")} -> SDATOOL-51827 | AC14: {=IFERROR(INDEX('Imputación TR - Proyecto-Quince'!$B:$B,MATCH(AE14,'Imputación TR - Proyecto-Quince'!$C:$C,0)),"")} -> Eventos Corporativos | AE14: CIBRDR-897 | AF14: =IF(AI14="Otras Tecnologías","GoldenSource","") | AG14: Servicios prestados a proyectos con código | AH14: Análisis y diseño (antigua fase de Diseño) | AI14: =IF(OR(AH14="Codificación",AH14="Pruebas"),"Otras Tecnologías","-") -> - | AJ14: =SUM(AK14:AY14) -> 110 | AK14: 10 | AL14: 10 | AO14: 10 | AP14: 10 | AQ14: 10 | AR14: 10 | AS14: 10 | AV14: 10 | AW14: 10 | AX14: 10 | AY14: 10 | BA14: Eduardo Varona | BB14: {=IFERROR(INDEX('Resument Total - Ofertas Proyec'!$B:$B,MATCH(BE14,'Resument Total - Ofertas Proyec'!$D:$D,0)),"")} -> SDATOOL-51827 | BC14: {=IFERROR(INDEX('Imputación TR - Proyecto-Quince'!$B:$B,MATCH(BE14,'Imputación TR - Proyecto-Quince'!$C:$C,0)),"")} -> Eventos Corporativos | BE14: CIBRDR-897 | BF14: =IF(BI14="Otras Tecnologías","GoldenSource","") -> GoldenSource | BG14: Servicios prestados a proyectos con código | BH14: Codificación | BI14: =IF(OR(BH14="Codificación",BH14="Pruebas"),"Otras Tecnologías","-") -> Otras Tecnologías | BJ14: =SUM(BK14:BY14) -> 150 | BN14: 15 | BO14: 15 | BP14: 15 | BQ14: 15 | BR14: 15 | BU14: 15 | BV14: 15 | BW14: 15 | BX14: 15 | BY14: 15 | CA14: Eduardo Varona | CB14: {=IFERROR(INDEX('Resument Total - Ofertas Proyec'!$B:$B,MATCH(CE14,'Resument Total - Ofertas Proyec'!$D:$D,0)),"")} -> SDATOOL-38779 | CC14: {=IFERROR(INDEX('Imputación TR - Proyecto-Quince'!$B:$B,MATCH(CE14,'Imputación TR - Proyecto-Quince'!$C:$C,0)),"")} -> Sec Lending_Sponsored Repo | CE14: CIBRDR-994 | CF14: =IF(CI14="Otras Tecnologías","GoldenSource","") -> GoldenSource | CG14: Servicios prestados a proyectos con código | CH14: Codificación | CI14: =IF(OR(CH14="Codificación",CH14="Pruebas"),"Otras Tecnologías","-") -> Otras Tecnologías | CJ14: =SUM(CK14:CZ14) -> 150 | CM14: 15 | CN14: 15 | CO14: 15 | CP14: 15 | CQ14: 15 | CT14: 15 | CU14: 15 | CV14: 15 | CW14: 15 | CX14: 15 | DB14: Eduardo Varona | DC14: {=IFERROR(INDEX('Resument Total - Ofertas Proyec'!$B:$B,MATCH(DF14,'Resument Total - Ofertas Proyec'!$D:$D,0)),"")} -> SDATOOL-51827 | DD14: {=IFERROR(INDEX('Imputación TR - Proyecto-Quince'!$B:$B,MATCH(DF14,'Imputación TR - Proyecto-Quince'!$C:$C,0)),"")} -> Eventos Corporativos | DF14: CIBRDR-897 | DG14: =IF(DJ14="Otras Tecnologías","GoldenSource","") -> GoldenSource | DH14: Servicios prestados a proyectos con código | DI14: Pruebas | DJ14: =IF(OR(DI14="Codificación",DI14="Pruebas"),"Otras Tecnologías","-") -> Otras Tecnologías | DK14: =SUM(DL14:EA14) -> 73 | DL14: 15 | DM14: 15 | DN14: 15 | DO14: 15 | DP14: 13 | EB14: Eduardo Varona | EC14: {=IFERROR(INDEX('Resument Total - Ofertas Proyec'!$B:$B,MATCH(EF14,'Resument Total - Ofertas Proyec'!$D:$D,0)),"")} | ED14: {=IFERROR(INDEX('Imputación TR - Proyecto-Quince'!$B:$B,MATCH(EF14,'Imputación TR - Proyecto-Quince'!$C:$C,0)),"")} | EE14: Soporte usuarios | EG14: =IF(EJ14="Otras Tecnologías","GoldenSource","") | EH14: Servicios prestados a proyectos sin código | EI14: Análisis y diseño (antigua fase de Diseño) | EJ14: =IF(OR(EI14="Codificación",EI14="Pruebas"),"Otras Tecnologías","-") -> - | EK14: =SUM(EL14:EZ14) -> 93 | EL14: 9 | EM14: 9 | EN14: 9 | EO14: 6 | ER14: 9 | ES14: 9 | ET14: 9 | EU14: 9 | EV14: 6 | EY14: 9 | EZ14: 9
B15: {=IFERROR(INDEX('Imputación TR - Proyecto-Quince'!$A:$A,MATCH(E15,'Imputación TR - Proyecto-Quince'!$C:$C,0)),"")} | C15: {=IFERROR(INDEX('Imputación TR - Proyecto-Quince'!$B:$B,MATCH(E15,'Imputación TR - Proyecto-Quince'!$C:$C,0)),"")} | F15: =IF(I15="Otras Tecnologías","GoldenSource","") | G15: - | I15: =IF(OR(H15="Codificación",H15="Pruebas"),"Otras Tecnologías","-") -> - | J15: =SUM(K15:Y15) -> 0 | AB15: {=IFERROR(INDEX('Resument Total - Ofertas Proyec'!$B:$B,MATCH(AE15,'Resument Total - Ofertas Proyec'!$D:$D,0)),"")} | AC15: {=IFERROR(INDEX('Imputación TR - Proyecto-Quince'!$B:$B,MATCH(AE15,'Imputación TR - Proyecto-Quince'!$C:$C,0)),"")} | AF15: =IF(AI15="Otras Tecnologías","GoldenSource","") | AG15: - | AI15: =IF(OR(AH15="Codificación",AH15="Pruebas"),"Otras Tecnologías","-") -> - | AJ15: =SUM(AK15:AY15) -> 0 | BB15: {=IFERROR(INDEX('Resument Total - Ofertas Proyec'!$B:$B,MATCH(BE15,'Resument Total - Ofertas Proyec'!$D:$D,0)),"")} | BC15: {=IFERROR(INDEX('Imputación TR - Proyecto-Quince'!$B:$B,MATCH(BE15,'Imputación TR - Proyecto-Quince'!$C:$C,0)),"")} | BF15: =IF(BI15="Otras Tecnologías","GoldenSource","") | BI15: =IF(OR(BH15="Codificación",BH15="Pruebas"),"Otras Tecnologías","-") -> - | BJ15: =SUM(BK15:BY15) -> 0 | CB15: {=IFERROR(INDEX('Resument Total - Ofertas Proyec'!$B:$B,MATCH(CE15,'Resument Total - Ofertas Proyec'!$D:$D,0)),"")} | CC15: {=IFERROR(INDEX('Imputación TR - Proyecto-Quince'!$B:$B,MATCH(CE15,'Imputación TR - Proyecto-Quince'!$C:$C,0)),"")} | CF15: =IF(CI15="Otras Tecnologías","GoldenSource","") | CI15: =IF(OR(CH15="Codificación",CH15="Pruebas"),"Otras Tecnologías","-") -> - | CJ15: =SUM(CK15:CZ15) -> 0 | DC15: {=IFERROR(INDEX('Resument Total - Ofertas Proyec'!$B:$B,MATCH(DF15,'Resument Total - Ofertas Proyec'!$D:$D,0)),"")} | DD15: {=IFERROR(INDEX('Imputación TR - Proyecto-Quince'!$B:$B,MATCH(DF15,'Imputación TR - Proyecto-Quince'!$C:$C,0)),"")} | DE15: Soporte usuarios | DG15: =IF(DJ15="Otras Tecnologías","GoldenSource","") | DH15: Servicios prestados a proyectos sin código | DI15: Análisis y diseño (antigua fase de Diseño) | DJ15: =IF(OR(DI15="Codificación",DI15="Pruebas"),"Otras Tecnologías","-") -> - | DK15: =SUM(DL15:EA15) -> 51 | DS15: 9 | DT15: 9 | DU15: 9 | DV15: 9 | DW15: 6 | DZ15: 9 | EC15: {=IFERROR(INDEX('Resument Total - Ofertas Proyec'!$B:$B,MATCH(EF15,'Resument Total - Ofertas Proyec'!$D:$D,0)),"")} | ED15: {=IFERROR(INDEX('Imputación TR - Proyecto-Quince'!$B:$B,MATCH(EF15,'Imputación TR - Proyecto-Quince'!$C:$C,0)),"")} | EG15: =IF(EJ15="Otras Tecnologías","GoldenSource","") | EH15: - | EJ15: =IF(OR(EI15="Codificación",EI15="Pruebas"),"Otras Tecnologías","-") -> - | EK15: =SUM(EL15:EZ15) -> 0
B16: {=IFERROR(INDEX('Imputación TR - Proyecto-Quince'!$A:$A,MATCH(E16,'Imputación TR - Proyecto-Quince'!$C:$C,0)),"")} | C16: {=IFERROR(INDEX('Imputación TR - Proyecto-Quince'!$B:$B,MATCH(E16,'Imputación TR - Proyecto-Quince'!$C:$C,0)),"")} | F16: =IF(I16="Otras Tecnologías","GoldenSource","") | G16: - | I16: =IF(OR(H16="Codificación",H16="Pruebas"),"Otras Tecnologías","-") -> - | J16: =SUM(K16:Y16) -> 0 | AB16: {=IFERROR(INDEX('Resument Total - Ofertas Proyec'!$B:$B,MATCH(AE16,'Resument Total - Ofertas Proyec'!$D:$D,0)),"")} | AC16: {=IFERROR(INDEX('Imputación TR - Proyecto-Quince'!$B:$B,MATCH(AE16,'Imputación TR - Proyecto-Quince'!$C:$C,0)),"")} | AF16: =IF(AI16="Otras Tecnologías","GoldenSource","") | AG16: - | AI16: =IF(OR(AH16="Codificación",AH16="Pruebas"),"Otras Tecnologías","-") -> - | AJ16: =SUM(AK16:AY16) -> 0 | BB16: {=IFERROR(INDEX('Resument Total - Ofertas Proyec'!$B:$B,MATCH(BE16,'Resument Total - Ofertas Proyec'!$D:$D,0)),"")} | BC16: {=IFERROR(INDEX('Imputación TR - Proyecto-Quince'!$B:$B,MATCH(BE16,'Imputación TR - Proyecto-Quince'!$C:$C,0)),"")} | BF16: =IF(BI16="Otras Tecnologías","GoldenSource","") | BG16: - | BI16: =IF(OR(BH16="Codificación",BH16="Pruebas"),"Otras Tecnologías","-") -> - | BJ16: =SUM(BK16:BY16) -> 0 | CB16: {=IFERROR(INDEX('Resument Total - Ofertas Proyec'!$B:$B,MATCH(CE16,'Resument Total - Ofertas Proyec'!$D:$D,0)),"")} | CC16: {=IFERROR(INDEX('Imputación TR - Proyecto-Quince'!$B:$B,MATCH(CE16,'Imputación TR - Proyecto-Quince'!$C:$C,0)),"")} | CF16: =IF(CI16="Otras Tecnologías","GoldenSource","") | CG16: - | CI16: =IF(OR(CH16="Codificación",CH16="Pruebas"),"Otras Tecnologías","-") -> - | CJ16: =SUM(CK16:CZ16) -> 0 | DC16: {=IFERROR(INDEX('Resument Total - Ofertas Proyec'!$B:$B,MATCH(DF16,'Resument Total - Ofertas Proyec'!$D:$D,0)),"")} | DD16: {=IFERROR(INDEX('Imputación TR - Proyecto-Quince'!$B:$B,MATCH(DF16,'Imputación TR - Proyecto-Quince'!$C:$C,0)),"")} | DG16: =IF(DJ16="Otras Tecnologías","GoldenSource","") | DH16: - | DJ16: =IF(OR(DI16="Codificación",DI16="Pruebas"),"Otras Tecnologías","-") -> - | DK16: =SUM(DL16:EA16) -> 0 | EC16: {=IFERROR(INDEX('Resument Total - Ofertas Proyec'!$B:$B,MATCH(EF16,'Resument Total - Ofertas Proyec'!$D:$D,0)),"")} | ED16: {=IFERROR(INDEX('Imputación TR - Proyecto-Quince'!$B:$B,MATCH(EF16,'Imputación TR - Proyecto-Quince'!$C:$C,0)),"")} | EG16: =IF(EJ16="Otras Tecnologías","GoldenSource","") | EH16: - | EJ16: =IF(OR(EI16="Codificación",EI16="Pruebas"),"Otras Tecnologías","-") -> - | EK16: =SUM(EL16:EZ16) -> 0
A17: Fernando Tejada | B17: {=IFERROR(INDEX('Imputación TR - Proyecto-Quince'!$A:$A,MATCH(E17,'Imputación TR - Proyecto-Quince'!$C:$C,0)),"")} | D17: Soporte usuarios | G17: Servicios prestados a proyectos sin código | H17: Análisis y diseño (antigua fase de Diseño) | I17: - | J17: =SUM(K17:Y17) -> 60 | K17: 9 | L17: 9 | P17: 9 | Q17: 9 | R17: 9 | S17: 9 | T17: 6 | AA17: Fernando Tejada | AB17: {=IFERROR(INDEX('Resument Total - Ofertas Proyec'!$B:$B,MATCH(AE17,'Resument Total - Ofertas Proyec'!$D:$D,0)),"")} -> SDATOOL-51827 | AC17: {=IFERROR(INDEX('Imputación TR - Proyecto-Quince'!$B:$B,MATCH(AE17,'Imputación TR - Proyecto-Quince'!$C:$C,0)),"")} -> Eventos Corporativos | AE17: CIBRDR-897 | AF17: =IF(AI17="Otras Tecnologías","GoldenSource","") | AG17: Servicios prestados a proyectos con código | AH17: Análisis y diseño (antigua fase de Diseño) | AI17: =IF(OR(AH17="Codificación",AH17="Pruebas"),"Otras Tecnologías","-") -> - | AJ17: =SUM(AK17:AY17) -> 110 | AK17: 10 | AL17: 10 | AO17: 10 | AP17: 10 | AQ17: 10 | AR17: 10 | AS17: 10 | AV17: 10 | AW17: 10 | AX17: 10 | AY17: 10 | BA17: Fernando Tejada | BB17: {=IFERROR(INDEX('Resument Total - Ofertas Proyec'!$B:$B,MATCH(BE17,'Resument Total - Ofertas Proyec'!$D:$D,0)),"")} -> SDATOOL-42226 | BC17: {=IFERROR(INDEX('Imputación TR - Proyecto-Quince'!$B:$B,MATCH(BE17,'Imputación TR - Proyecto-Quince'!$C:$C,0)),"")} -> Strategic Boost Alta y Mantenimiento de Emisiones y Emisores. | BE17: CIBRDR-887 | BF17: =IF(BI17="Otras Tecnologías","GoldenSource","") -> GoldenSource | BG17: Servicios prestados a proyectos con código | BH17: Codificación | BI17: =IF(OR(BH17="Codificación",BH17="Pruebas"),"Otras Tecnologías","-") -> Otras Tecnologías | BJ17: =SUM(BK17:BY17) -> 100 | BN17: 10 | BO17: 10 | BP17: 10 | BQ17: 10 | BR17: 10 | BU17: 10 | BV17: 10 | BW17: 10 | BX17: 10 | BY17: 10 | CA17: Fernando Tejada | CB17: {=IFERROR(INDEX('Resument Total - Ofertas Proyec'!$B:$B,MATCH(CE17,'Resument Total - Ofertas Proyec'!$D:$D,0)),"")} -> SDATOOL-51827 | CC17: {=IFERROR(INDEX('Imputación TR - Proyecto-Quince'!$B:$B,MATCH(CE17,'Imputación TR - Proyecto-Quince'!$C:$C,0)),"")} -> Eventos Corporativos | CE17: CIBRDR-897 | CF17: =IF(CI17="Otras Tecnologías","GoldenSource","") -> GoldenSource | CG17: Servicios prestados a proyectos con código | CH17: Codificación | CI17: =IF(OR(CH17="Codificación",CH17="Pruebas"),"Otras Tecnologías","-") -> Otras Tecnologías | CJ17: =SUM(CK17:CZ17) -> 150 | CM17: 15 | CN17: 15 | CO17: 15 | CP17: 15 | CQ17: 15 | CT17: 15 | CU17: 15 | CV17: 15 | CW17: 15 | CX17: 15 | DB17: Fernando Tejada | DC17: {=IFERROR(INDEX('Resument Total - Ofertas Proyec'!$B:$B,MATCH(DF17,'Resument Total - Ofertas Proyec'!$D:$D,0)),"")} -> SDATOOL-51827 | DD17: {=IFERROR(INDEX('Imputación TR - Proyecto-Quince'!$B:$B,MATCH(DF17,'Imputación TR - Proyecto-Quince'!$C:$C,0)),"")} -> Eventos Corporativos | DF17: CIBRDR-897 | DG17: =IF(DJ17="Otras Tecnologías","GoldenSource","") -> GoldenSource | DH17: Servicios prestados a proyectos con código | DI17: Pruebas | DJ17: =IF(OR(DI17="Codificación",DI17="Pruebas"),"Otras Tecnologías","-") -> Otras Tecnologías | DK17: =SUM(DL17:EA17) -> 70 | DL17: 15 | DM17: 15 | DN17: 15 | DO17: 15 | DP17: 10 | EB17: Fernando Tejada | EC17: {=IFERROR(INDEX('Resument Total - Ofertas Proyec'!$B:$B,MATCH(EF17,'Resument Total - Ofertas Proyec'!$D:$D,0)),"")} | ED17: {=IFERROR(INDEX('Imputación TR - Proyecto-Quince'!$B:$B,MATCH(EF17,'Imputación TR - Proyecto-Quince'!$C:$C,0)),"")} | EE17: Soporte usuarios | EG17: =IF(EJ17="Otras Tecnologías","GoldenSource","") | EH17: Servicios prestados a proyectos sin código | EI17: Análisis y diseño (antigua fase de Diseño) | EJ17: =IF(OR(EI17="Codificación",EI17="Pruebas"),"Otras Tecnologías","-") -> - | EK17: =SUM(EL17:EZ17) -> 93 | EL17: 9 | EM17: 9 | EN17: 9 | EO17: 6 | ER17: 9 | ES17: 9 | ET17: 9 | EU17: 9 | EV17: 6 | EY17: 9 | EZ17: 9
B18: {=IFERROR(INDEX('Imputación TR - Proyecto-Quince'!$A:$A,MATCH(E18,'Imputación TR - Proyecto-Quince'!$C:$C,0)),"")} -> SDATOOL-51827 | C18: {=IFERROR(INDEX('Imputación TR - Proyecto-Quince'!$B:$B,MATCH(E18,'Imputación TR - Proyecto-Quince'!$C:$C,0)),"")} -> Eventos Corporativos | E18: CIBRDR-897 | F18: =IF(I18="Otras Tecnologías","GoldenSource","") | G18: Servicios prestados a proyectos con código | H18: Análisis y diseño (antigua fase de Diseño) | I18: =IF(OR(H18="Codificación",H18="Pruebas"),"Otras Tecnologías","-") -> - | J18: =SUM(K18:Y18) -> 45 | W18: 15 | X18: 15 | Y18: 15 | AB18: {=IFERROR(INDEX('Resument Total - Ofertas Proyec'!$B:$B,MATCH(AE18,'Resument Total - Ofertas Proyec'!$D:$D,0)),"")} | AC18: {=IFERROR(INDEX('Imputación TR - Proyecto-Quince'!$B:$B,MATCH(AE18,'Imputación TR - Proyecto-Quince'!$C:$C,0)),"")} | AF18: =IF(AI18="Otras Tecnologías","GoldenSource","") | AG18: - | AI18: =IF(OR(AH18="Codificación",AH18="Pruebas"),"Otras Tecnologías","-") -> - | AJ18: =SUM(AK18:AY18) -> 0 | BB18: {=IFERROR(INDEX('Resument Total - Ofertas Proyec'!$B:$B,MATCH(BE18,'Resument Total - Ofertas Proyec'!$D:$D,0)),"")} -> SDATOOL-51827 | BC18: {=IFERROR(INDEX('Imputación TR - Proyecto-Quince'!$B:$B,MATCH(BE18,'Imputación TR - Proyecto-Quince'!$C:$C,0)),"")} -> Eventos Corporativos | BE18: CIBRDR-897 | BF18: =IF(BI18="Otras Tecnologías","GoldenSource","") -> GoldenSource | BG18: Servicios prestados a proyectos con código | BH18: Codificación | BI18: =IF(OR(BH18="Codificación",BH18="Pruebas"),"Otras Tecnologías","-") -> Otras Tecnologías | BJ18: =SUM(BK18:BY18) -> 50 | BN18: 5 | BO18: 5 | BP18: 5 | BQ18: 5 | BR18: 5 | BU18: 5 | BV18: 5 | BW18: 5 | BX18: 5 | BY18: 5 | CB18: {=IFERROR(INDEX('Resument Total - Ofertas Proyec'!$B:$B,MATCH(CE18,'Resument Total - Ofertas Proyec'!$D:$D,0)),"")} | CC18: {=IFERROR(INDEX('Imputación TR - Proyecto-Quince'!$B:$B,MATCH(CE18,'Imputación TR - Proyecto-Quince'!$C:$C,0)),"")} | CF18: =IF(CI18="Otras Tecnologías","GoldenSource","") | CG18: - | CI18: =IF(OR(CH18="Codificación",CH18="Pruebas"),"Otras Tecnologías","-") -> - | CJ18: =SUM(CK18:CZ18) -> 0 | DC18: {=IFERROR(INDEX('Resument Total - Ofertas Proyec'!$B:$B,MATCH(DF18,'Resument Total - Ofertas Proyec'!$D:$D,0)),"")} | DD18: {=IFERROR(INDEX('Imputación TR - Proyecto-Quince'!$B:$B,MATCH(DF18,'Imputación TR - Proyecto-Quince'!$C:$C,0)),"")} | DE18: Soporte usuarios | DG18: =IF(DJ18="Otras Tecnologías","GoldenSource","") | DH18: Servicios prestados a proyectos sin código | DI18: Análisis y diseño (antigua fase de Diseño) | DJ18: =IF(OR(DI18="Codificación",DI18="Pruebas"),"Otras Tecnologías","-") -> - | DK18: =SUM(DL18:EA18) -> 51 | DS18: 9 | DT18: 9 | DU18: 9 | DV18: 9 | DW18: 6 | DZ18: 9 | EC18: {=IFERROR(INDEX('Resument Total - Ofertas Proyec'!$B:$B,MATCH(EF18,'Resument Total - Ofertas Proyec'!$D:$D,0)),"")} | ED18: {=IFERROR(INDEX('Imputación TR - Proyecto-Quince'!$B:$B,MATCH(EF18,'Imputación TR - Proyecto-Quince'!$C:$C,0)),"")} | EG18: =IF(EJ18="Otras Tecnologías","GoldenSource","") | EH18: - | EJ18: =IF(OR(EI18="Codificación",EI18="Pruebas"),"Otras Tecnologías","-") -> - | EK18: =SUM(EL18:EZ18) -> 0
B19: {=IFERROR(INDEX('Imputación TR - Proyecto-Quince'!$A:$A,MATCH(E19,'Imputación TR - Proyecto-Quince'!$C:$C,0)),"")} | C19: {=IFERROR(INDEX('Imputación TR - Proyecto-Quince'!$B:$B,MATCH(E19,'Imputación TR - Proyecto-Quince'!$C:$C,0)),"")} | F19: =IF(I19="Otras Tecnologías","GoldenSource","") | G19: - | I19: =IF(OR(H19="Codificación",H19="Pruebas"),"Otras Tecnologías","-") -> - | J19: =SUM(K19:Y19) -> 0 | AB19: {=IFERROR(INDEX('Resument Total - Ofertas Proyec'!$B:$B,MATCH(AE19,'Resument Total - Ofertas Proyec'!$D:$D,0)),"")} | AC19: {=IFERROR(INDEX('Imputación TR - Proyecto-Quince'!$B:$B,MATCH(AE19,'Imputación TR - Proyecto-Quince'!$C:$C,0)),"")} | AF19: =IF(AI19="Otras Tecnologías","GoldenSource","") | AG19: - | AI19: =IF(OR(AH19="Codificación",AH19="Pruebas"),"Otras Tecnologías","-") -> - | AJ19: =SUM(AK19:AY19) -> 0 | BB19: {=IFERROR(INDEX('Resument Total - Ofertas Proyec'!$B:$B,MATCH(BE19,'Resument Total - Ofertas Proyec'!$D:$D,0)),"")} | BC19: {=IFERROR(INDEX('Imputación TR - Proyecto-Quince'!$B:$B,MATCH(BE19,'Imputación TR - Proyecto-Quince'!$C:$C,0)),"")} | BF19: =IF(BI19="Otras Tecnologías","GoldenSource","") | BG19: - | BI19: =IF(OR(BH19="Codificación",BH19="Pruebas"),"Otras Tecnologías","-") -> - | BJ19: =SUM(BK19:BY19) -> 0 | CB19: {=IFERROR(INDEX('Resument Total - Ofertas Proyec'!$B:$B,MATCH(CE19,'Resument Total - Ofertas Proyec'!$D:$D,0)),"")} | CC19: {=IFERROR(INDEX('Imputación TR - Proyecto-Quince'!$B:$B,MATCH(CE19,'Imputación TR - Proyecto-Quince'!$C:$C,0)),"")} | CF19: =IF(CI19="Otras Tecnologías","GoldenSource","") | CG19: - | CI19: =IF(OR(CH19="Codificación",CH19="Pruebas"),"Otras Tecnologías","-") -> - | CJ19: =SUM(CK19:CZ19) -> 0 | DC19: {=IFERROR(INDEX('Resument Total - Ofertas Proyec'!$B:$B,MATCH(DF19,'Resument Total - Ofertas Proyec'!$D:$D,0)),"")} | DD19: {=IFERROR(INDEX('Imputación TR - Proyecto-Quince'!$B:$B,MATCH(DF19,'Imputación TR - Proyecto-Quince'!$C:$C,0)),"")} | DG19: =IF(DJ19="Otras Tecnologías","GoldenSource","") | DH19: - | DJ19: =IF(OR(DI19="Codificación",DI19="Pruebas"),"Otras Tecnologías","-") -> - | DK19: =SUM(DL19:EA19) -> 0 | EC19: {=IFERROR(INDEX('Resument Total - Ofertas Proyec'!$B:$B,MATCH(EF19,'Resument Total - Ofertas Proyec'!$D:$D,0)),"")} | ED19: {=IFERROR(INDEX('Imputación TR - Proyecto-Quince'!$B:$B,MATCH(EF19,'Imputación TR - Proyecto-Quince'!$C:$C,0)),"")} | EG19: =IF(EJ19="Otras Tecnologías","GoldenSource","") | EH19: - | EJ19: =IF(OR(EI19="Codificación",EI19="Pruebas"),"Otras Tecnologías","-") -> - | EK19: =SUM(EL19:EZ19) -> 0
A20: Iker Cid | B20: {=IFERROR(INDEX('Imputación TR - Proyecto-Quince'!$A:$A,MATCH(E20,'Imputación TR - Proyecto-Quince'!$C:$C,0)),"")} | D20: Soporte usuarios | G20: Servicios prestados a proyectos sin código | H20: Análisis y diseño (antigua fase de Diseño) | I20: - | J20: =SUM(K20:Y20) -> 60 | K20: 9 | L20: 9 | P20: 9 | Q20: 9 | R20: 9 | S20: 9 | T20: 6 | AA20: Iker Cid | AB20: {=IFERROR(INDEX('Resument Total - Ofertas Proyec'!$B:$B,MATCH(AE20,'Resument Total - Ofertas Proyec'!$D:$D,0)),"")} -> SDATOOL-49629 | AC20: {=IFERROR(INDEX('Imputación TR - Proyecto-Quince'!$B:$B,MATCH(AE20,'Imputación TR - Proyecto-Quince'!$C:$C,0)),"")} -> BSI 2.0. Cargador genérico Legal Agreements | AE20: CIBRDR-762 | AF20: =IF(AI20="Otras Tecnologías","GoldenSource","") | AG20: Servicios prestados a proyectos con código | AH20: Análisis y diseño (antigua fase de Diseño) | AI20: =IF(OR(AH20="Codificación",AH20="Pruebas"),"Otras Tecnologías","-") -> - | AJ20: =SUM(AK20:AY20) -> 165 | AK20: 15 | AL20: 15 | AO20: 15 | AP20: 15 | AQ20: 15 | AR20: 15 | AS20: 15 | AV20: 15 | AW20: 15 | AX20: 15 | AY20: 15 | BA20: Iker Cid | BB20: {=IFERROR(INDEX('Resument Total - Ofertas Proyec'!$B:$B,MATCH(BE20,'Resument Total - Ofertas Proyec'!$D:$D,0)),"")} -> SDATOOL-49629 | BC20: {=IFERROR(INDEX('Imputación TR - Proyecto-Quince'!$B:$B,MATCH(BE20,'Imputación TR - Proyecto-Quince'!$C:$C,0)),"")} -> BSI 2.0. Cargador genérico Legal Agreements | BE20: CIBRDR-762 | BF20: =IF(BI20="Otras Tecnologías","GoldenSource","") -> GoldenSource | BG20: Servicios prestados a proyectos con código | BH20: Pruebas | BI20: =IF(OR(BH20="Codificación",BH20="Pruebas"),"Otras Tecnologías","-") -> Otras Tecnologías | BJ20: =SUM(BK20:BY20) -> 100 | BN20: 10 | BO20: 10 | BP20: 10 | BQ20: 10 | BR20: 10 | BU20: 10 | BV20: 10 | BW20: 10 | BX20: 10 | BY20: 10 | CA20: Iker Cid | CB20: {=IFERROR(INDEX('Resument Total - Ofertas Proyec'!$B:$B,MATCH(CE20,'Resument Total - Ofertas Proyec'!$D:$D,0)),"")} -> SDATOOL-49629 | CC20: {=IFERROR(INDEX('Imputación TR - Proyecto-Quince'!$B:$B,MATCH(CE20,'Imputación TR - Proyecto-Quince'!$C:$C,0)),"")} -> BSI 2.0. Cargador genérico Legal Agreements | CE20: CIBRDR-762 | CF20: =IF(CI20="Otras Tecnologías","GoldenSource","") -> GoldenSource | CG20: Servicios prestados a proyectos con código | CH20: Pruebas | CI20: =IF(OR(CH20="Codificación",CH20="Pruebas"),"Otras Tecnologías","-") -> Otras Tecnologías | CJ20: =SUM(CK20:CZ20) -> 50 | CM20: 5 | CN20: 5 | CO20: 5 | CP20: 5 | CQ20: 5 | CT20: 5 | CU20: 5 | CV20: 5 | CW20: 5 | CX20: 5 | DB20: Iker Cid | DC20: {=IFERROR(INDEX('Resument Total - Ofertas Proyec'!$B:$B,MATCH(DF20,'Resument Total - Ofertas Proyec'!$D:$D,0)),"")} -> SDATOOL-49629 | DD20: {=IFERROR(INDEX('Imputación TR - Proyecto-Quince'!$B:$B,MATCH(DF20,'Imputación TR - Proyecto-Quince'!$C:$C,0)),"")} -> BSI 2.0. Cargador genérico Legal Agreements | DF20: CIBRDR-762 | DH20: Servicios prestados a proyectos con código | DI20: Pruebas | DJ20: =IF(OR(DI20="Codificación",DI20="Pruebas"),"Otras Tecnologías","-") -> Otras Tecnologías | DK20: =SUM(DL20:EA20) -> 80 | DL20: 16 | DM20: 16 | DN20: 16 | DO20: 16 | DP20: 16 | EB20: Iker Cid | EC20: {=IFERROR(INDEX('Resument Total - Ofertas Proyec'!$B:$B,MATCH(EF20,'Resument Total - Ofertas Proyec'!$D:$D,0)),"")} | ED20: {=IFERROR(INDEX('Imputación TR - Proyecto-Quince'!$B:$B,MATCH(EF20,'Imputación TR - Proyecto-Quince'!$C:$C,0)),"")} | EE20: Soporte usuarios | EG20: =IF(EJ20="Otras Tecnologías","GoldenSource","") | EH20: Servicios prestados a proyectos sin código | EI20: Análisis y diseño (antigua fase de Diseño) | EJ20: =IF(OR(EI20="Codificación",EI20="Pruebas"),"Otras Tecnologías","-") -> - | EK20: =SUM(EL20:EZ20) -> 93 | EL20: 9 | EM20: 9 | EN20: 9 | EO20: 6 | ER20: 9 | ES20: 9 | ET20: 9 | EU20: 9 | EV20: 6 | EY20: 9 | EZ20: 9
B21: {=IFERROR(INDEX('Imputación TR - Proyecto-Quince'!$A:$A,MATCH(E21,'Imputación TR - Proyecto-Quince'!$C:$C,0)),"")} -> SDATOOL-49629 | C21: {=IFERROR(INDEX('Imputación TR - Proyecto-Quince'!$B:$B,MATCH(E21,'Imputación TR - Proyecto-Quince'!$C:$C,0)),"")} -> BSI 2.0. Cargador genérico Legal Agreements | E21: CIBRDR-762 | F21: =IF(I21="Otras Tecnologías","GoldenSource","") | G21: Servicios prestados a proyectos con código | H21: Análisis y diseño (antigua fase de Diseño) | I21: =IF(OR(H21="Codificación",H21="Pruebas"),"Otras Tecnologías","-") -> - | J21: =SUM(K21:Y21) -> 45 | W21: 15 | X21: 15 | Y21: 15 | AB21: {=IFERROR(INDEX('Resument Total - Ofertas Proyec'!$B:$B,MATCH(AE21,'Resument Total - Ofertas Proyec'!$D:$D,0)),"")} | AC21: {=IFERROR(INDEX('Imputación TR - Proyecto-Quince'!$B:$B,MATCH(AE21,'Imputación TR - Proyecto-Quince'!$C:$C,0)),"")} | AF21: =IF(AI21="Otras Tecnologías","GoldenSource","") | AG21: - | AI21: =IF(OR(AH21="Codificación",AH21="Pruebas"),"Otras Tecnologías","-") -> - | AJ21: =SUM(AK21:AY21) -> 0 | BB21: {=IFERROR(INDEX('Resument Total - Ofertas Proyec'!$B:$B,MATCH(BE21,'Resument Total - Ofertas Proyec'!$D:$D,0)),"")} -> SDATOOL-51827 | BC21: {=IFERROR(INDEX('Imputación TR - Proyecto-Quince'!$B:$B,MATCH(BE21,'Imputación TR - Proyecto-Quince'!$C:$C,0)),"")} -> Eventos Corporativos | BE21: CIBRDR-897 | BF21: =IF(BI21="Otras Tecnologías","GoldenSource","") -> GoldenSource | BG21: Servicios prestados a proyectos con código | BH21: Codificación | BI21: =IF(OR(BH21="Codificación",BH21="Pruebas"),"Otras Tecnologías","-") -> Otras Tecnologías | BJ21: =SUM(BK21:BY21) -> 50 | BN21: 5 | BO21: 5 | BP21: 5 | BQ21: 5 | BR21: 5 | BU21: 5 | BV21: 5 | BW21: 5 | BX21: 5 | BY21: 5 | CB21: {=IFERROR(INDEX('Resument Total - Ofertas Proyec'!$B:$B,MATCH(CE21,'Resument Total - Ofertas Proyec'!$D:$D,0)),"")} -> SDATOOL-51827 | CC21: {=IFERROR(INDEX('Imputación TR - Proyecto-Quince'!$B:$B,MATCH(CE21,'Imputación TR - Proyecto-Quince'!$C:$C,0)),"")} -> Eventos Corporativos | CE21: CIBRDR-897 | CF21: =IF(CI21="Otras Tecnologías","GoldenSource","") -> GoldenSource | CG21: Servicios prestados a proyectos con código | CH21: Codificación | CI21: =IF(OR(CH21="Codificación",CH21="Pruebas"),"Otras Tecnologías","-") -> Otras Tecnologías | CJ21: =SUM(CK21:CZ21) -> 100 | CM21: 10 | CN21: 10 | CO21: 10 | CP21: 10 | CQ21: 10 | CT21: 10 | CU21: 10 | CV21: 10 | CW21: 10 | CX21: 10 | DC21: {=IFERROR(INDEX('Resument Total - Ofertas Proyec'!$B:$B,MATCH(DF21,'Resument Total - Ofertas Proyec'!$D:$D,0)),"")} | DD21: {=IFERROR(INDEX('Imputación TR - Proyecto-Quince'!$B:$B,MATCH(DF21,'Imputación TR - Proyecto-Quince'!$C:$C,0)),"")} | DE21: Soporte usuarios | DG21: =IF(DJ21="Otras Tecnologías","GoldenSource","") | DH21: Servicios prestados a proyectos sin código | DI21: Análisis y diseño (antigua fase de Diseño) | DJ21: =IF(OR(DI21="Codificación",DI21="Pruebas"),"Otras Tecnologías","-") -> - | DK21: =SUM(DL21:EA21) -> 51 | DS21: 9 | DT21: 9 | DU21: 9 | DV21: 9 | DW21: 6 | DZ21: 9 | EC21: {=IFERROR(INDEX('Resument Total - Ofertas Proyec'!$B:$B,MATCH(EF21,'Resument Total - Ofertas Proyec'!$D:$D,0)),"")} | ED21: {=IFERROR(INDEX('Imputación TR - Proyecto-Quince'!$B:$B,MATCH(EF21,'Imputación TR - Proyecto-Quince'!$C:$C,0)),"")} | EG21: =IF(EJ21="Otras Tecnologías","GoldenSource","") | EH21: - | EJ21: =IF(OR(EI21="Codificación",EI21="Pruebas"),"Otras Tecnologías","-") -> - | EK21: =SUM(EL21:EZ21) -> 0
B22: {=IFERROR(INDEX('Imputación TR - Proyecto-Quince'!$A:$A,MATCH(E22,'Imputación TR - Proyecto-Quince'!$C:$C,0)),"")} | C22: {=IFERROR(INDEX('Imputación TR - Proyecto-Quince'!$B:$B,MATCH(E22,'Imputación TR - Proyecto-Quince'!$C:$C,0)),"")} | F22: =IF(I22="Otras Tecnologías","GoldenSource","") | G22: - | I22: =IF(OR(H22="Codificación",H22="Pruebas"),"Otras Tecnologías","-") -> - | J22: =SUM(K22:Y22) -> 0 | AB22: {=IFERROR(INDEX('Resument Total - Ofertas Proyec'!$B:$B,MATCH(AE22,'Resument Total - Ofertas Proyec'!$D:$D,0)),"")} | AC22: {=IFERROR(INDEX('Imputación TR - Proyecto-Quince'!$B:$B,MATCH(AE22,'Imputación TR - Proyecto-Quince'!$C:$C,0)),"")} | AF22: =IF(AI22="Otras Tecnologías","GoldenSource","") | AG22: - | AI22: =IF(OR(AH22="Codificación",AH22="Pruebas"),"Otras Tecnologías","-") -> - | AJ22: =SUM(AK22:AY22) -> 0 | BB22: {=IFERROR(INDEX('Resument Total - Ofertas Proyec'!$B:$B,MATCH(BE22,'Resument Total - Ofertas Proyec'!$D:$D,0)),"")} | BC22: {=IFERROR(INDEX('Imputación TR - Proyecto-Quince'!$B:$B,MATCH(BE22,'Imputación TR - Proyecto-Quince'!$C:$C,0)),"")} | BF22: =IF(BI22="Otras Tecnologías","GoldenSource","") | BG22: - | BI22: =IF(OR(BH22="Codificación",BH22="Pruebas"),"Otras Tecnologías","-") -> - | BJ22: =SUM(BK22:BY22) -> 0 | CB22: {=IFERROR(INDEX('Resument Total - Ofertas Proyec'!$B:$B,MATCH(CE22,'Resument Total - Ofertas Proyec'!$D:$D,0)),"")} | CC22: {=IFERROR(INDEX('Imputación TR - Proyecto-Quince'!$B:$B,MATCH(CE22,'Imputación TR - Proyecto-Quince'!$C:$C,0)),"")} | CF22: =IF(CI22="Otras Tecnologías","GoldenSource","") | CG22: - | CI22: =IF(OR(CH22="Codificación",CH22="Pruebas"),"Otras Tecnologías","-") -> - | CJ22: =SUM(CK22:CZ22) -> 0 | DC22: {=IFERROR(INDEX('Resument Total - Ofertas Proyec'!$B:$B,MATCH(DF22,'Resument Total - Ofertas Proyec'!$D:$D,0)),"")} | DD22: {=IFERROR(INDEX('Imputación TR - Proyecto-Quince'!$B:$B,MATCH(DF22,'Imputación TR - Proyecto-Quince'!$C:$C,0)),"")} | DG22: =IF(DJ22="Otras Tecnologías","GoldenSource","") | DH22: - | DJ22: =IF(OR(DI22="Codificación",DI22="Pruebas"),"Otras Tecnologías","-") -> - | DK22: =SUM(DL22:EA22) -> 0 | EC22: {=IFERROR(INDEX('Resument Total - Ofertas Proyec'!$B:$B,MATCH(EF22,'Resument Total - Ofertas Proyec'!$D:$D,0)),"")} | ED22: {=IFERROR(INDEX('Imputación TR - Proyecto-Quince'!$B:$B,MATCH(EF22,'Imputación TR - Proyecto-Quince'!$C:$C,0)),"")} | EG22: =IF(EJ22="Otras Tecnologías","GoldenSource","") | EH22: - | EJ22: =IF(OR(EI22="Codificación",EI22="Pruebas"),"Otras Tecnologías","-") -> - | EK22: =SUM(EL22:EZ22) -> 0
A23: Irene Hermida | B23: {=IFERROR(INDEX('Imputación TR - Proyecto-Quince'!$A:$A,MATCH(E23,'Imputación TR - Proyecto-Quince'!$C:$C,0)),"")} | D23: Soporte usuarios | G23: Servicios prestados a proyectos sin código | H23: Análisis y diseño (antigua fase de Diseño) | I23: - | J23: =SUM(K23:Y23) -> 87 | K23: 9 | L23: 9 | P23: 9 | Q23: 9 | R23: 9 | S23: 9 | T23: 6 | W23: 9 | X23: 9 | Y23: 9 | AA23: Irene Hermida | AB23: {=IFERROR(INDEX('Resument Total - Ofertas Proyec'!$B:$B,MATCH(AE23,'Resument Total - Ofertas Proyec'!$D:$D,0)),"")} -> SDATOOL-51827 | AC23: {=IFERROR(INDEX('Imputación TR - Proyecto-Quince'!$B:$B,MATCH(AE23,'Imputación TR - Proyecto-Quince'!$C:$C,0)),"")} -> Maestro emisiones | AE23: CIBRDR-945 | AF23: =IF(AI23="Otras Tecnologías","GoldenSource","") | AG23: Servicios prestados a proyectos con código | AH23: Análisis y diseño (antigua fase de Diseño) | AI23: =IF(OR(AH23="Codificación",AH23="Pruebas"),"Otras Tecnologías","-") -> - | AJ23: =SUM(AK23:AY23) -> 110 | AK23: 10 | AL23: 10 | AO23: 10 | AP23: 10 | AQ23: 10 | AR23: 10 | AS23: 10 | AV23: 10 | AW23: 10 | AX23: 10 | AY23: 10 | BA23: Irene Hermida | BB23: {=IFERROR(INDEX('Resument Total - Ofertas Proyec'!$B:$B,MATCH(BE23,'Resument Total - Ofertas Proyec'!$D:$D,0)),"")} -> SDATOOL-51827 | BC23: {=IFERROR(INDEX('Imputación TR - Proyecto-Quince'!$B:$B,MATCH(BE23,'Imputación TR - Proyecto-Quince'!$C:$C,0)),"")} -> Maestro emisiones | BE23: CIBRDR-945 | BF23: =IF(BI23="Otras Tecnologías","GoldenSource","") -> GoldenSource | BG23: Servicios prestados a proyectos con código | BH23: Codificación | BI23: =IF(OR(BH23="Codificación",BH23="Pruebas"),"Otras Tecnologías","-") -> Otras Tecnologías | BJ23: =SUM(BK23:BY23) -> 150 | BN23: 15 | BO23: 15 | BP23: 15 | BQ23: 15 | BR23: 15 | BU23: 15 | BV23: 15 | BW23: 15 | BX23: 15 | BY23: 15 | CA23: Irene Hermida | CB23: {=IFERROR(INDEX('Resument Total - Ofertas Proyec'!$B:$B,MATCH(CE23,'Resument Total - Ofertas Proyec'!$D:$D,0)),"")} -> SDATOOL-51827 | CC23: {=IFERROR(INDEX('Imputación TR - Proyecto-Quince'!$B:$B,MATCH(CE23,'Imputación TR - Proyecto-Quince'!$C:$C,0)),"")} -> Maestro emisiones | CE23: CIBRDR-945 | CF23: =IF(CI23="Otras Tecnologías","GoldenSource","") -> GoldenSource | CG23: Servicios prestados a proyectos con código | CH23: Pruebas | CI23: =IF(OR(CH23="Codificación",CH23="Pruebas"),"Otras Tecnologías","-") -> Otras Tecnologías | CJ23: =SUM(CK23:CZ23) -> 50 | CM23: 5 | CN23: 5 | CO23: 5 | CP23: 5 | CQ23: 5 | CT23: 5 | CU23: 5 | CV23: 5 | CW23: 5 | CX23: 5 | DB23: Irene Hermida | DC23: {=IFERROR(INDEX('Resument Total - Ofertas Proyec'!$B:$B,MATCH(DF23,'Resument Total - Ofertas Proyec'!$D:$D,0)),"")} -> SDATOOL-51827 | DD23: {=IFERROR(INDEX('Imputación TR - Proyecto-Quince'!$B:$B,MATCH(DF23,'Imputación TR - Proyecto-Quince'!$C:$C,0)),"")} -> Maestro emisiones | DF23: CIBRDR-945 | DG23: =IF(DJ23="Otras Tecnologías","GoldenSource","") -> GoldenSource | DH23: Servicios prestados a proyectos con código | DI23: Pruebas | DJ23: =IF(OR(DI23="Codificación",DI23="Pruebas"),"Otras Tecnologías","-") -> Otras Tecnologías | DK23: =SUM(DL23:EA23) -> 42 | DL23: 9 | DM23: 9 | DN23: 9 | DO23: 9 | DP23: 6 | EB23: Irene Hermida | EC23: {=IFERROR(INDEX('Resument Total - Ofertas Proyec'!$B:$B,MATCH(EF23,'Resument Total - Ofertas Proyec'!$D:$D,0)),"")} | ED23: {=IFERROR(INDEX('Imputación TR - Proyecto-Quince'!$B:$B,MATCH(EF23,'Imputación TR - Proyecto-Quince'!$C:$C,0)),"")} | EE23: Soporte usuarios | EG23: =IF(EJ23="Otras Tecnologías","GoldenSource","") | EH23: Servicios prestados a proyectos sin código | EI23: Análisis y diseño (antigua fase de Diseño) | EJ23: =IF(OR(EI23="Codificación",EI23="Pruebas"),"Otras Tecnologías","-") -> - | EK23: =SUM(EL23:EZ23) -> 93 | EL23: 9 | EM23: 9 | EN23: 9 | EO23: 6 | ER23: 9 | ES23: 9 | ET23: 9 | EU23: 9 | EV23: 6 | EY23: 9 | EZ23: 9
B24: {=IFERROR(INDEX('Imputación TR - Proyecto-Quince'!$A:$A,MATCH(E24,'Imputación TR - Proyecto-Quince'!$C:$C,0)),"")} | C24: {=IFERROR(INDEX('Imputación TR - Proyecto-Quince'!$B:$B,MATCH(E24,'Imputación TR - Proyecto-Quince'!$C:$C,0)),"")} | F24: =IF(I24="Otras Tecnologías","GoldenSource","") | G24: - | I24: =IF(OR(H24="Codificación",H24="Pruebas"),"Otras Tecnologías","-") -> - | J24: =SUM(K24:Y24) -> 0 | AB24: {=IFERROR(INDEX('Resument Total - Ofertas Proyec'!$B:$B,MATCH(AE24,'Resument Total - Ofertas Proyec'!$D:$D,0)),"")} | AC24: {=IFERROR(INDEX('Imputación TR - Proyecto-Quince'!$B:$B,MATCH(AE24,'Imputación TR - Proyecto-Quince'!$C:$C,0)),"")} | AF24: =IF(AI24="Otras Tecnologías","GoldenSource","") | AG24: - | AI24: =IF(OR(AH24="Codificación",AH24="Pruebas"),"Otras Tecnologías","-") -> - | AJ24: =SUM(AK24:AY24) -> 0 | BB24: {=IFERROR(INDEX('Resument Total - Ofertas Proyec'!$B:$B,MATCH(BE24,'Resument Total - Ofertas Proyec'!$D:$D,0)),"")} | BC24: {=IFERROR(INDEX('Imputación TR - Proyecto-Quince'!$B:$B,MATCH(BE24,'Imputación TR - Proyecto-Quince'!$C:$C,0)),"")} | BF24: =IF(BI24="Otras Tecnologías","GoldenSource","") | BG24: - | BI24: =IF(OR(BH24="Codificación",BH24="Pruebas"),"Otras Tecnologías","-") -> - | BJ24: =SUM(BK24:BY24) -> 0 | CB24: {=IFERROR(INDEX('Resument Total - Ofertas Proyec'!$B:$B,MATCH(CE24,'Resument Total - Ofertas Proyec'!$D:$D,0)),"")} -> SDATOOL-51827 | CC24: {=IFERROR(INDEX('Imputación TR - Proyecto-Quince'!$B:$B,MATCH(CE24,'Imputación TR - Proyecto-Quince'!$C:$C,0)),"")} -> Eventos Corporativos | CE24: CIBRDR-897 | CF24: =IF(CI24="Otras Tecnologías","GoldenSource","") -> GoldenSource | CG24: Servicios prestados a proyectos con código | CH24: Codificación | CI24: =IF(OR(CH24="Codificación",CH24="Pruebas"),"Otras Tecnologías","-") -> Otras Tecnologías | CJ24: =SUM(CK24:CZ24) -> 100 | CM24: 10 | CN24: 10 | CO24: 10 | CP24: 10 | CQ24: 10 | CT24: 10 | CU24: 10 | CV24: 10 | CW24: 10 | CX24: 10 | DC24: {=IFERROR(INDEX('Resument Total - Ofertas Proyec'!$B:$B,MATCH(DF24,'Resument Total - Ofertas Proyec'!$D:$D,0)),"")} | DD24: {=IFERROR(INDEX('Imputación TR - Proyecto-Quince'!$B:$B,MATCH(DF24,'Imputación TR - Proyecto-Quince'!$C:$C,0)),"")} | DE24: Soporte usuarios | DG24: =IF(DJ24="Otras Tecnologías","GoldenSource","") | DH24: Servicios prestados a proyectos sin código | DI24: Análisis y diseño (antigua fase de Diseño) | DJ24: =IF(OR(DI24="Codificación",DI24="Pruebas"),"Otras Tecnologías","-") -> - | DK24: =SUM(DL24:EA24) -> 51 | DS24: 9 | DT24: 9 | DU24: 9 | DV24: 9 | DW24: 6 | DZ24: 9 | EC24: {=IFERROR(INDEX('Resument Total - Ofertas Proyec'!$B:$B,MATCH(EF24,'Resument Total - Ofertas Proyec'!$D:$D,0)),"")} | ED24: {=IFERROR(INDEX('Imputación TR - Proyecto-Quince'!$B:$B,MATCH(EF24,'Imputación TR - Proyecto-Quince'!$C:$C,0)),"")} | EG24: =IF(EJ24="Otras Tecnologías","GoldenSource","") | EH24: - | EJ24: =IF(OR(EI24="Codificación",EI24="Pruebas"),"Otras Tecnologías","-") -> - | EK24: =SUM(EL24:EZ24) -> 0
B25: {=IFERROR(INDEX('Imputación TR - Proyecto-Quince'!$A:$A,MATCH(E25,'Imputación TR - Proyecto-Quince'!$C:$C,0)),"")} | C25: {=IFERROR(INDEX('Imputación TR - Proyecto-Quince'!$B:$B,MATCH(E25,'Imputación TR - Proyecto-Quince'!$C:$C,0)),"")} | F25: =IF(I25="Otras Tecnologías","GoldenSource","") | G25: - | I25: =IF(OR(H25="Codificación",H25="Pruebas"),"Otras Tecnologías","-") -> - | J25: =SUM(K25:Y25) -> 0 | AB25: {=IFERROR(INDEX('Resument Total - Ofertas Proyec'!$B:$B,MATCH(AE25,'Resument Total - Ofertas Proyec'!$D:$D,0)),"")} | AC25: {=IFERROR(INDEX('Imputación TR - Proyecto-Quince'!$B:$B,MATCH(AE25,'Imputación TR - Proyecto-Quince'!$C:$C,0)),"")} | AF25: =IF(AI25="Otras Tecnologías","GoldenSource","") | AG25: - | AI25: =IF(OR(AH25="Codificación",AH25="Pruebas"),"Otras Tecnologías","-") -> - | AJ25: =SUM(AK25:AY25) -> 0 | BB25: {=IFERROR(INDEX('Resument Total - Ofertas Proyec'!$B:$B,MATCH(BE25,'Resument Total - Ofertas Proyec'!$D:$D,0)),"")} | BC25: {=IFERROR(INDEX('Imputación TR - Proyecto-Quince'!$B:$B,MATCH(BE25,'Imputación TR - Proyecto-Quince'!$C:$C,0)),"")} | BF25: =IF(BI25="Otras Tecnologías","GoldenSource","") | BG25: - | BI25: =IF(OR(BH25="Codificación",BH25="Pruebas"),"Otras Tecnologías","-") -> - | BJ25: =SUM(BK25:BY25) -> 0 | CB25: {=IFERROR(INDEX('Resument Total - Ofertas Proyec'!$B:$B,MATCH(CE25,'Resument Total - Ofertas Proyec'!$D:$D,0)),"")} | CC25: {=IFERROR(INDEX('Imputación TR - Proyecto-Quince'!$B:$B,MATCH(CE25,'Imputación TR - Proyecto-Quince'!$C:$C,0)),"")} | CF25: =IF(CI25="Otras Tecnologías","GoldenSource","") | CG25: - | CI25: =IF(OR(CH25="Codificación",CH25="Pruebas"),"Otras Tecnologías","-") -> - | CJ25: =SUM(CK25:CZ25) -> 0 | DC25: {=IFERROR(INDEX('Resument Total - Ofertas Proyec'!$B:$B,MATCH(DF25,'Resument Total - Ofertas Proyec'!$D:$D,0)),"")} | DD25: {=IFERROR(INDEX('Imputación TR - Proyecto-Quince'!$B:$B,MATCH(DF25,'Imputación TR - Proyecto-Quince'!$C:$C,0)),"")} | DG25: =IF(DJ25="Otras Tecnologías","GoldenSource","") | DH25: - | DJ25: =IF(OR(DI25="Codificación",DI25="Pruebas"),"Otras Tecnologías","-") -> - | DK25: =SUM(DL25:EA25) -> 0 | EC25: {=IFERROR(INDEX('Resument Total - Ofertas Proyec'!$B:$B,MATCH(EF25,'Resument Total - Ofertas Proyec'!$D:$D,0)),"")} | ED25: {=IFERROR(INDEX('Imputación TR - Proyecto-Quince'!$B:$B,MATCH(EF25,'Imputación TR - Proyecto-Quince'!$C:$C,0)),"")} | EG25: =IF(EJ25="Otras Tecnologías","GoldenSource","") | EH25: - | EJ25: =IF(OR(EI25="Codificación",EI25="Pruebas"),"Otras Tecnologías","-") -> - | EK25: =SUM(EL25:EZ25) -> 0
A26: Jesús Tejada | B26: {=IFERROR(INDEX('Imputación TR - Proyecto-Quince'!$A:$A,MATCH(E26,'Imputación TR - Proyecto-Quince'!$C:$C,0)),"")} | D26: Soporte usuarios | G26: Servicios prestados a proyectos sin código | H26: Análisis y diseño (antigua fase de Diseño) | I26: - | J26: =SUM(K26:Y26) -> 87 | K26: 9 | L26: 9 | P26: 9 | Q26: 9 | R26: 9 | S26: 9 | T26: 6 | W26: 9 | X26: 9 | Y26: 9 | AA26: Jesús Tejada | AB26: {=IFERROR(INDEX('Resument Total - Ofertas Proyec'!$B:$B,MATCH(AE26,'Resument Total - Ofertas Proyec'!$D:$D,0)),"")} | AC26: {=IFERROR(INDEX('Imputación TR - Proyecto-Quince'!$B:$B,MATCH(AE26,'Imputación TR - Proyecto-Quince'!$C:$C,0)),"")} | AD26: Soporte usuarios | AF26: =IF(AI26="Otras Tecnologías","GoldenSource","") | AG26: Servicios prestados a proyectos sin código | AH26: Análisis y diseño (antigua fase de Diseño) | AI26: =IF(OR(AH26="Codificación",AH26="Pruebas"),"Otras Tecnologías","-") -> - | AJ26: =SUM(AK26:AY26) -> 96 | AK26: 9 | AL26: 9 | AO26: 9 | AP26: 9 | AQ26: 9 | AR26: 9 | AS26: 6 | AV26: 9 | AW26: 9 | AX26: 9 | AY26: 9 | BA26: Jesús Tejada | BB26: {=IFERROR(INDEX('Resument Total - Ofertas Proyec'!$B:$B,MATCH(BE26,'Resument Total - Ofertas Proyec'!$D:$D,0)),"")} -> SDATOOL-51067 | BC26: {=IFERROR(INDEX('Imputación TR - Proyecto-Quince'!$B:$B,MATCH(BE26,'Imputación TR - Proyecto-Quince'!$C:$C,0)),"")} -> CTM Colombia | BE26: CIBRDR-962 | BF26: =IF(BI26="Otras Tecnologías","GoldenSource","") | BG26: Servicios prestados a proyectos con código | BI26: =IF(OR(BH26="Codificación",BH26="Pruebas"),"Otras Tecnologías","-") -> - | BJ26: =SUM(BK26:BY26) -> 0 | CA26: Jesús Tejada | CB26: {=IFERROR(INDEX('Resument Total - Ofertas Proyec'!$B:$B,MATCH(CE26,'Resument Total - Ofertas Proyec'!$D:$D,0)),"")} -> SDATOOL-51067 | CC26: {=IFERROR(INDEX('Imputación TR - Proyecto-Quince'!$B:$B,MATCH(CE26,'Imputación TR - Proyecto-Quince'!$C:$C,0)),"")} -> CTM Colombia | CE26: CIBRDR-962 | CF26: =IF(CI26="Otras Tecnologías","GoldenSource","") -> GoldenSource | CG26: Servicios prestados a proyectos con código | CH26: Pruebas | CI26: =IF(OR(CH26="Codificación",CH26="Pruebas"),"Otras Tecnologías","-") -> Otras Tecnologías | DB26: Jesús Tejada | DC26: {=IFERROR(INDEX('Resument Total - Ofertas Proyec'!$B:$B,MATCH(DF26,'Resument Total - Ofertas Proyec'!$D:$D,0)),"")} -> SDATOOL-51067 | DD26: {=IFERROR(INDEX('Imputación TR - Proyecto-Quince'!$B:$B,MATCH(DF26,'Imputación TR - Proyecto-Quince'!$C:$C,0)),"")} -> CTM Colombia | DF26: CIBRDR-962 | DG26: =IF(DJ26="Otras Tecnologías","GoldenSource","") -> GoldenSource | DH26: Servicios prestados a proyectos con código | DI26: Pruebas | DJ26: =IF(OR(DI26="Codificación",DI26="Pruebas"),"Otras Tecnologías","-") -> Otras Tecnologías | DK26: =SUM(DL26:EA26) -> 20 | DL26: 4 | DM26: 4 | DN26: 4 | DO26: 4 | DP26: 4 | EB26: Jesús Tejada | EC26: {=IFERROR(INDEX('Resument Total - Ofertas Proyec'!$B:$B,MATCH(EF26,'Resument Total - Ofertas Proyec'!$D:$D,0)),"")} -> SDATOOL-51067 | ED26: {=IFERROR(INDEX('Imputación TR - Proyecto-Quince'!$B:$B,MATCH(EF26,'Imputación TR - Proyecto-Quince'!$C:$C,0)),"")} -> CTM Colombia | EF26: CIBALERTMI-9 | EG26: =IF(EJ26="Otras Tecnologías","GoldenSource","") -> GoldenSource | EH26: Servicios prestados a proyectos con código | EI26: Pruebas | EJ26: =IF(OR(EI26="Codificación",EI26="Pruebas"),"Otras Tecnologías","-") -> Otras Tecnologías | EK26: =SUM(EL26:EZ26) -> 38 | EM26: 4 | EN26: 4 | EO26: 4 | ER26: 4 | ES26: 4 | ET26: 4 | EU26: 4 | EV26: 2 | EY26: 4 | EZ26: 4
EC27: SDATOOL-52547 | ED27: Reingeniería de Market Abuse | EF27: CIBMARKETA-186 | EG27: GoldenSource | EH27: Servicios prestados a proyectos con código | EI27: Codificación | EJ27: Otras Tecnologías | EK27: =SUM(EL27:EZ27) -> 1 | EL27: 1
B28: {=IFERROR(INDEX('Imputación TR - Proyecto-Quince'!$A:$A,MATCH(E28,'Imputación TR - Proyecto-Quince'!$C:$C,0)),"")} | C28: {=IFERROR(INDEX('Imputación TR - Proyecto-Quince'!$B:$B,MATCH(E28,'Imputación TR - Proyecto-Quince'!$C:$C,0)),"")} | F28: =IF(I28="Otras Tecnologías","GoldenSource","") | G28: - | I28: =IF(OR(H28="Codificación",H28="Pruebas"),"Otras Tecnologías","-") -> - | J28: =SUM(K28:Y28) -> 0 | AB28: {=IFERROR(INDEX('Resument Total - Ofertas Proyec'!$B:$B,MATCH(AE28,'Resument Total - Ofertas Proyec'!$D:$D,0)),"")} | AC28: {=IFERROR(INDEX('Imputación TR - Proyecto-Quince'!$B:$B,MATCH(AE28,'Imputación TR - Proyecto-Quince'!$C:$C,0)),"")} | AF28: =IF(AI28="Otras Tecnologías","GoldenSource","") | AG28: - | AI28: =IF(OR(AH28="Codificación",AH28="Pruebas"),"Otras Tecnologías","-") -> - | AJ28: =SUM(AK28:AY28) -> 0 | BB28: {=IFERROR(INDEX('Resument Total - Ofertas Proyec'!$B:$B,MATCH(BE28,'Resument Total - Ofertas Proyec'!$D:$D,0)),"")} | BC28: {=IFERROR(INDEX('Imputación TR - Proyecto-Quince'!$B:$B,MATCH(BE28,'Imputación TR - Proyecto-Quince'!$C:$C,0)),"")} | BF28: =IF(BI28="Otras Tecnologías","GoldenSource","") | BG28: - | BI28: =IF(OR(BH28="Codificación",BH28="Pruebas"),"Otras Tecnologías","-") -> - | BJ28: =SUM(BK28:BY28) -> 0 | CB28: {=IFERROR(INDEX('Resument Total - Ofertas Proyec'!$B:$B,MATCH(CE28,'Resument Total - Ofertas Proyec'!$D:$D,0)),"")} | CC28: {=IFERROR(INDEX('Imputación TR - Proyecto-Quince'!$B:$B,MATCH(CE28,'Imputación TR - Proyecto-Quince'!$C:$C,0)),"")} | CF28: =IF(CI28="Otras Tecnologías","GoldenSource","") | CG28: - | CI28: =IF(OR(CH28="Codificación",CH28="Pruebas"),"Otras Tecnologías","-") -> - | CJ28: =SUM(CK28:CZ28) -> 0 | DC28: {=IFERROR(INDEX('Resument Total - Ofertas Proyec'!$B:$B,MATCH(DF28,'Resument Total - Ofertas Proyec'!$D:$D,0)),"")} | DD28: {=IFERROR(INDEX('Imputación TR - Proyecto-Quince'!$B:$B,MATCH(DF28,'Imputación TR - Proyecto-Quince'!$C:$C,0)),"")} | DG28: =IF(DJ28="Otras Tecnologías","GoldenSource","") | DH28: - | DJ28: =IF(OR(DI28="Codificación",DI28="Pruebas"),"Otras Tecnologías","-") -> - | DK28: =SUM(DL28:EA28) -> 0 | EC28: {=IFERROR(INDEX('Resument Total - Ofertas Proyec'!$B:$B,MATCH(EF28,'Resument Total - Ofertas Proyec'!$D:$D,0)),"")} | ED28: {=IFERROR(INDEX('Imputación TR - Proyecto-Quince'!$B:$B,MATCH(EF28,'Imputación TR - Proyecto-Quince'!$C:$C,0)),"")} | EE28: Soporte usuarios | EH28: Servicios prestados a proyectos sin código | EI28: Análisis y diseño (antigua fase de Diseño) | EJ28: =IF(OR(EI28="Codificación",EI28="Pruebas"),"Otras Tecnologías","-") -> - | EK28: =SUM(EL28:EZ28) -> 55 | EL28: 9 | EM28: 5 | EN28: 5 | EO28: 2 | ER28: 5 | ES28: 5 | ET28: 5 | EU28: 5 | EV28: 4 | EY28: 5 | EZ28: 5
A29: José Luis Rodriguez | B29: {=IFERROR(INDEX('Imputación TR - Proyecto-Quince'!$A:$A,MATCH(E29,'Imputación TR - Proyecto-Quince'!$C:$C,0)),"")} | D29: Soporte usuarios | G29: Servicios prestados a proyectos sin código | H29: Análisis y diseño (antigua fase de Diseño) | I29: - | J29: =SUM(K29:Y29) -> 87 | K29: 9 | L29: 9 | P29: 9 | Q29: 9 | R29: 9 | S29: 9 | T29: 6 | W29: 9 | X29: 9 | Y29: 9 | AA29: José Luis Rodriguez | AB29: {=IFERROR(INDEX('Resument Total - Ofertas Proyec'!$B:$B,MATCH(AE29,'Resument Total - Ofertas Proyec'!$D:$D,0)),"")} -> SDATOOL-49742 | AC29: {=IFERROR(INDEX('Imputación TR - Proyecto-Quince'!$B:$B,MATCH(AE29,'Imputación TR - Proyecto-Quince'!$C:$C,0)),"")} -> BRS. Fase 2. Colas MQ + Control M | AE29: CIBRDR-908 | AF29: =IF(AI29="Otras Tecnologías","GoldenSource","") | AG29: Servicios prestados a proyectos con código | AH29: Análisis y diseño (antigua fase de Diseño) | AI29: =IF(OR(AH29="Codificación",AH29="Pruebas"),"Otras Tecnologías","-") -> - | AJ29: =SUM(AK29:AY29) -> 67 | AK29: 5 | AL29: 3 | AO29: 5 | AP29: 5 | AQ29: 5 | AR29: 5 | AS29: 3 | AV29: 9 | AW29: 9 | AX29: 9 | AY29: 9 | BA29: José Luis Rodriguez | BB29: {=IFERROR(INDEX('Resument Total - Ofertas Proyec'!$B:$B,MATCH(BE29,'Resument Total - Ofertas Proyec'!$D:$D,0)),"")} -> SDATOOL-49742 | BC29: {=IFERROR(INDEX('Imputación TR - Proyecto-Quince'!$B:$B,MATCH(BE29,'Imputación TR - Proyecto-Quince'!$C:$C,0)),"")} -> BRS. Fase 2. Colas MQ + Control M | BE29: CIBRDR-908 | BF29: =IF(BI29="Otras Tecnologías","GoldenSource","") -> GoldenSource | BG29: Servicios prestados a proyectos con código | BH29: Codificación | BI29: =IF(OR(BH29="Codificación",BH29="Pruebas"),"Otras Tecnologías","-") -> Otras Tecnologías | BJ29: =SUM(BK29:BY29) -> 48 | BN29: 5 | BO29: 5 | BP29: 5 | BQ29: 5 | BR29: 3 | BU29: 5 | BV29: 5 | BW29: 5 | BX29: 5 | BY29: 5 | CA29: José Luis Rodriguez | CB29: {=IFERROR(INDEX('Resument Total - Ofertas Proyec'!$B:$B,MATCH(CE29,'Resument Total - Ofertas Proyec'!$D:$D,0)),"")} -> SDATOOL-49742 | CC29: {=IFERROR(INDEX('Imputación TR - Proyecto-Quince'!$B:$B,MATCH(CE29,'Imputación TR - Proyecto-Quince'!$C:$C,0)),"")} -> BRS. Fase 2. Colas MQ + Control M | CE29: CIBRDR-908 | CF29: =IF(CI29="Otras Tecnologías","GoldenSource","") -> GoldenSource | CG29: Servicios prestados a proyectos con código | CH29: Pruebas | CI29: =IF(OR(CH29="Codificación",CH29="Pruebas"),"Otras Tecnologías","-") -> Otras Tecnologías | CJ29: =SUM(CK29:CZ29) -> 46 | CM29: 5 | CN29: 5 | CO29: 5 | CP29: 5 | CQ29: 3 | CT29: 5 | CU29: 5 | CV29: 5 | CW29: 5 | CX29: 3 | DB29: José Luis Rodriguez | DC29: {=IFERROR(INDEX('Resument Total - Ofertas Proyec'!$B:$B,MATCH(DF29,'Resument Total - Ofertas Proyec'!$D:$D,0)),"")} -> SDATOOL-49742 | DD29: {=IFERROR(INDEX('Imputación TR - Proyecto-Quince'!$B:$B,MATCH(DF29,'Imputación TR - Proyecto-Quince'!$C:$C,0)),"")} -> BRS. Fase 2. Colas MQ + Control M | DF29: CIBRDR-908 | DG29: =IF(DJ29="Otras Tecnologías","GoldenSource","") -> GoldenSource | DH29: Servicios prestados a proyectos con código | DI29: Pruebas | DJ29: =IF(OR(DI29="Codificación",DI29="Pruebas"),"Otras Tecnologías","-") -> Otras Tecnologías | DK29: =SUM(DL29:EA29) -> 20 | DL29: 4 | DM29: 4 | DN29: 4 | DO29: 4 | DP29: 4 | EB29: José Luis Rodriguez | EC29: {=IFERROR(INDEX('Resument Total - Ofertas Proyec'!$B:$B,MATCH(EF29,'Resument Total - Ofertas Proyec'!$D:$D,0)),"")} | ED29: {=IFERROR(INDEX('Imputación TR - Proyecto-Quince'!$B:$B,MATCH(EF29,'Imputación TR - Proyecto-Quince'!$C:$C,0)),"")} | EE29: Soporte usuarios | EG29: =IF(EJ29="Otras Tecnologías","GoldenSource","") | EH29: Servicios prestados a proyectos sin código | EI29: Análisis y diseño (antigua fase de Diseño) | EJ29: =IF(OR(EI29="Codificación",EI29="Pruebas"),"Otras Tecnologías","-") -> - | EK29: =SUM(EL29:EZ29) -> 42 | EL29: 4 | EM29: 4 | EN29: 4 | EO29: 3 | ER29: 4 | ES29: 4 | ET29: 4 | EU29: 4 | EV29: 3 | EY29: 4 | EZ29: 4
B30: {=IFERROR(INDEX('Imputación TR - Proyecto-Quince'!$A:$A,MATCH(E30,'Imputación TR - Proyecto-Quince'!$C:$C,0)),"")} | C30: {=IFERROR(INDEX('Imputación TR - Proyecto-Quince'!$B:$B,MATCH(E30,'Imputación TR - Proyecto-Quince'!$C:$C,0)),"")} | F30: =IF(I30="Otras Tecnologías","GoldenSource","") | G30: - | I30: =IF(OR(H30="Codificación",H30="Pruebas"),"Otras Tecnologías","-") -> - | J30: =SUM(K30:Y30) -> 0 | AB30: {=IFERROR(INDEX('Resument Total - Ofertas Proyec'!$B:$B,MATCH(AE30,'Resument Total - Ofertas Proyec'!$D:$D,0)),"")} | AC30: {=IFERROR(INDEX('Imputación TR - Proyecto-Quince'!$B:$B,MATCH(AE30,'Imputación TR - Proyecto-Quince'!$C:$C,0)),"")} | AF30: =IF(AI30="Otras Tecnologías","GoldenSource","") | AG30: - | AI30: =IF(OR(AH30="Codificación",AH30="Pruebas"),"Otras Tecnologías","-") -> - | AJ30: =SUM(AK30:AY30) -> 0 | BB30: {=IFERROR(INDEX('Resument Total - Ofertas Proyec'!$B:$B,MATCH(BE30,'Resument Total - Ofertas Proyec'!$D:$D,0)),"")} | BC30: {=IFERROR(INDEX('Imputación TR - Proyecto-Quince'!$B:$B,MATCH(BE30,'Imputación TR - Proyecto-Quince'!$C:$C,0)),"")} | BF30: =IF(BI30="Otras Tecnologías","GoldenSource","") | BI30: =IF(OR(BH30="Codificación",BH30="Pruebas"),"Otras Tecnologías","-") -> - | BJ30: =SUM(BK30:BY30) -> 0 | CB30: {=IFERROR(INDEX('Resument Total - Ofertas Proyec'!$B:$B,MATCH(CE30,'Resument Total - Ofertas Proyec'!$D:$D,0)),"")} | CC30: {=IFERROR(INDEX('Imputación TR - Proyecto-Quince'!$B:$B,MATCH(CE30,'Imputación TR - Proyecto-Quince'!$C:$C,0)),"")} | CF30: =IF(CI30="Otras Tecnologías","GoldenSource","") | CG30: - | CI30: =IF(OR(CH30="Codificación",CH30="Pruebas"),"Otras Tecnologías","-") -> - | CJ30: =SUM(CK30:CZ30) -> 0 | DC30: {=IFERROR(INDEX('Resument Total - Ofertas Proyec'!$B:$B,MATCH(DF30,'Resument Total - Ofertas Proyec'!$D:$D,0)),"")} | DD30: {=IFERROR(INDEX('Imputación TR - Proyecto-Quince'!$B:$B,MATCH(DF30,'Imputación TR - Proyecto-Quince'!$C:$C,0)),"")} | DE30: Soporte usuarios | DG30: =IF(DJ30="Otras Tecnologías","GoldenSource","") | DH30: Servicios prestados a proyectos sin código | DI30: Análisis y diseño (antigua fase de Diseño) | DJ30: =IF(OR(DI30="Codificación",DI30="Pruebas"),"Otras Tecnologías","-") -> - | DK30: =SUM(DL30:EA30) -> 23 | DS30: 4 | DT30: 4 | DU30: 4 | DV30: 4 | DW30: 3 | DZ30: 4 | EC30: {=IFERROR(INDEX('Resument Total - Ofertas Proyec'!$B:$B,MATCH(EF30,'Resument Total - Ofertas Proyec'!$D:$D,0)),"")} | ED30: {=IFERROR(INDEX('Imputación TR - Proyecto-Quince'!$B:$B,MATCH(EF30,'Imputación TR - Proyecto-Quince'!$C:$C,0)),"")} | EG30: =IF(EJ30="Otras Tecnologías","GoldenSource","") | EH30: - | EJ30: =IF(OR(EI30="Codificación",EI30="Pruebas"),"Otras Tecnologías","-") -> - | EK30: =SUM(EL30:EZ30) -> 0
B31: {=IFERROR(INDEX('Imputación TR - Proyecto-Quince'!$A:$A,MATCH(E31,'Imputación TR - Proyecto-Quince'!$C:$C,0)),"")} | C31: {=IFERROR(INDEX('Imputación TR - Proyecto-Quince'!$B:$B,MATCH(E31,'Imputación TR - Proyecto-Quince'!$C:$C,0)),"")} | F31: =IF(I31="Otras Tecnologías","GoldenSource","") | G31: - | I31: =IF(OR(H31="Codificación",H31="Pruebas"),"Otras Tecnologías","-") -> - | J31: =SUM(K31:Y31) -> 0 | AB31: {=IFERROR(INDEX('Resument Total - Ofertas Proyec'!$B:$B,MATCH(AE31,'Resument Total - Ofertas Proyec'!$D:$D,0)),"")} | AC31: {=IFERROR(INDEX('Imputación TR - Proyecto-Quince'!$B:$B,MATCH(AE31,'Imputación TR - Proyecto-Quince'!$C:$C,0)),"")} | AF31: =IF(AI31="Otras Tecnologías","GoldenSource","") | AG31: - | AI31: =IF(OR(AH31="Codificación",AH31="Pruebas"),"Otras Tecnologías","-") -> - | AJ31: =SUM(AK31:AY31) -> 0 | BB31: {=IFERROR(INDEX('Resument Total - Ofertas Proyec'!$B:$B,MATCH(BE31,'Resument Total - Ofertas Proyec'!$D:$D,0)),"")} | BC31: {=IFERROR(INDEX('Imputación TR - Proyecto-Quince'!$B:$B,MATCH(BE31,'Imputación TR - Proyecto-Quince'!$C:$C,0)),"")} | BF31: =IF(BI31="Otras Tecnologías","GoldenSource","") | BG31: - | BI31: =IF(OR(BH31="Codificación",BH31="Pruebas"),"Otras Tecnologías","-") -> - | BJ31: =SUM(BK31:BY31) -> 0 | CB31: {=IFERROR(INDEX('Resument Total - Ofertas Proyec'!$B:$B,MATCH(CE31,'Resument Total - Ofertas Proyec'!$D:$D,0)),"")} | CC31: {=IFERROR(INDEX('Imputación TR - Proyecto-Quince'!$B:$B,MATCH(CE31,'Imputación TR - Proyecto-Quince'!$C:$C,0)),"")} | CF31: =IF(CI31="Otras Tecnologías","GoldenSource","") | CG31: - | CI31: =IF(OR(CH31="Codificación",CH31="Pruebas"),"Otras Tecnologías","-") -> - | CJ31: =SUM(CK31:CZ31) -> 0 | DC31: {=IFERROR(INDEX('Resument Total - Ofertas Proyec'!$B:$B,MATCH(DF31,'Resument Total - Ofertas Proyec'!$D:$D,0)),"")} | DD31: {=IFERROR(INDEX('Imputación TR - Proyecto-Quince'!$B:$B,MATCH(DF31,'Imputación TR - Proyecto-Quince'!$C:$C,0)),"")} | DG31: =IF(DJ31="Otras Tecnologías","GoldenSource","") | DH31: - | DJ31: =IF(OR(DI31="Codificación",DI31="Pruebas"),"Otras Tecnologías","-") -> - | DK31: =SUM(DL31:EA31) -> 0 | EC31: {=IFERROR(INDEX('Resument Total - Ofertas Proyec'!$B:$B,MATCH(EF31,'Resument Total - Ofertas Proyec'!$D:$D,0)),"")} | ED31: {=IFERROR(INDEX('Imputación TR - Proyecto-Quince'!$B:$B,MATCH(EF31,'Imputación TR - Proyecto-Quince'!$C:$C,0)),"")} | EG31: =IF(EJ31="Otras Tecnologías","GoldenSource","") | EH31: - | EJ31: =IF(OR(EI31="Codificación",EI31="Pruebas"),"Otras Tecnologías","-") -> - | EK31: =SUM(EL31:EZ31) -> 0
A32: Juan Lucas Gordillo | B32: {=IFERROR(INDEX('Imputación TR - Proyecto-Quince'!$A:$A,MATCH(E32,'Imputación TR - Proyecto-Quince'!$C:$C,0)),"")} | D32: Soporte usuarios | G32: Servicios prestados a proyectos sin código | H32: Análisis y diseño (antigua fase de Diseño) | I32: - | J32: =SUM(K32:Y32) -> 60 | K32: 9 | L32: 9 | P32: 9 | Q32: 9 | R32: 9 | S32: 9 | T32: 6 | AA32: Juan Lucas Gordillo | AB32: {=IFERROR(INDEX('Resument Total - Ofertas Proyec'!$B:$B,MATCH(AE32,'Resument Total - Ofertas Proyec'!$D:$D,0)),"")} -> SDATOOL-42226 | AC32: {=IFERROR(INDEX('Imputación TR - Proyecto-Quince'!$B:$B,MATCH(AE32,'Imputación TR - Proyecto-Quince'!$C:$C,0)),"")} -> Strategic Boost Alta y Mantenimiento de Emisiones y Emisores. | AE32: CIBRDR-887 | AF32: =IF(AI32="Otras Tecnologías","GoldenSource","") | AG32: Servicios prestados a proyectos con código | AH32: Análisis y diseño (antigua fase de Diseño) | AI32: =IF(OR(AH32="Codificación",AH32="Pruebas"),"Otras Tecnologías","-") -> - | AJ32: =SUM(AK32:AY32) -> 110 | AK32: 10 | AL32: 10 | AO32: 10 | AP32: 10 | AQ32: 10 | AR32: 10 | AS32: 10 | AV32: 10 | AW32: 10 | AX32: 10 | AY32: 10 | BA32: Juan Lucas Gordillo | BB32: {=IFERROR(INDEX('Resument Total - Ofertas Proyec'!$B:$B,MATCH(BE32,'Resument Total - Ofertas Proyec'!$D:$D,0)),"")} -> SDATOOL-42226 | BC32: {=IFERROR(INDEX('Imputación TR - Proyecto-Quince'!$B:$B,MATCH(BE32,'Imputación TR - Proyecto-Quince'!$C:$C,0)),"")} -> Strategic Boost Alta y Mantenimiento de Emisiones y Emisores. | BE32: CIBRDR-887 | BF32: =IF(BI32="Otras Tecnologías","GoldenSource","") -> GoldenSource | BG32: Servicios prestados a proyectos con código | BH32: Codificación | BI32: =IF(OR(BH32="Codificación",BH32="Pruebas"),"Otras Tecnologías","-") -> Otras Tecnologías | BJ32: =SUM(BK32:BY32) -> 50 | BN32: 5 | BO32: 5 | BP32: 5 | BQ32: 5 | BR32: 5 | BU32: 5 | BV32: 5 | BW32: 5 | BX32: 5 | BY32: 5 | CA32: Juan Lucas Gordillo | CB32: {=IFERROR(INDEX('Resument Total - Ofertas Proyec'!$B:$B,MATCH(CE32,'Resument Total - Ofertas Proyec'!$D:$D,0)),"")} -> SDATOOL-38779 | CC32: {=IFERROR(INDEX('Imputación TR - Proyecto-Quince'!$B:$B,MATCH(CE32,'Imputación TR - Proyecto-Quince'!$C:$C,0)),"")} -> Sec Lending_Sponsored Repo | CE32: CIBRDR-994 | CF32: =IF(CI32="Otras Tecnologías","GoldenSource","") -> GoldenSource | CG32: Servicios prestados a proyectos con código | CH32: Codificación | CI32: =IF(OR(CH32="Codificación",CH32="Pruebas"),"Otras Tecnologías","-") -> Otras Tecnologías | CJ32: =SUM(CK32:CZ32) -> 100 | CM32: 10 | CN32: 10 | CO32: 10 | CP32: 10 | CQ32: 10 | CT32: 10 | CU32: 10 | CV32: 10 | CW32: 10 | CX32: 10 | DB32: Juan Lucas Gordillo | DC32: {=IFERROR(INDEX('Resument Total - Ofertas Proyec'!$B:$B,MATCH(DF32,'Resument Total - Ofertas Proyec'!$D:$D,0)),"")} -> SDATOOL-38779 | DD32: {=IFERROR(INDEX('Imputación TR - Proyecto-Quince'!$B:$B,MATCH(DF32,'Imputación TR - Proyecto-Quince'!$C:$C,0)),"")} -> Sec Lending_Sponsored Repo | DF32: CIBRDR-1019 | DG32: =IF(DJ32="Otras Tecnologías","GoldenSource","") -> GoldenSource | DH32: Servicios prestados a proyectos con código | DI32: Pruebas | DJ32: =IF(OR(DI32="Codificación",DI32="Pruebas"),"Otras Tecnologías","-") -> Otras Tecnologías | DK32: =SUM(DL32:EA32) -> 50 | DL32: 10 | DM32: 10 | DN32: 10 | DO32: 10 | DP32: 10 | EB32: Juan Lucas Gordillo | EC32: {=IFERROR(INDEX('Resument Total - Ofertas Proyec'!$B:$B,MATCH(EF32,'Resument Total - Ofertas Proyec'!$D:$D,0)),"")} | ED32: {=IFERROR(INDEX('Imputación TR - Proyecto-Quince'!$B:$B,MATCH(EF32,'Imputación TR - Proyecto-Quince'!$C:$C,0)),"")} | EE32: Soporte usuarios | EG32: =IF(EJ32="Otras Tecnologías","GoldenSource","") | EH32: Servicios prestados a proyectos sin código | EI32: Análisis y diseño (antigua fase de Diseño) | EJ32: =IF(OR(EI32="Codificación",EI32="Pruebas"),"Otras Tecnologías","-") -> - | EK32: =SUM(EL32:EZ32) -> 93 | EL32: 9 | EM32: 9 | EN32: 9 | EO32: 6 | ER32: 9 | ES32: 9 | ET32: 9 | EU32: 9 | EV32: 6 | EY32: 9 | EZ32: 9
B33: {=IFERROR(INDEX('Imputación TR - Proyecto-Quince'!$A:$A,MATCH(E33,'Imputación TR - Proyecto-Quince'!$C:$C,0)),"")} -> SDATOOL-51827 | C33: {=IFERROR(INDEX('Imputación TR - Proyecto-Quince'!$B:$B,MATCH(E33,'Imputación TR - Proyecto-Quince'!$C:$C,0)),"")} -> Eventos Corporativos | E33: CIBRDR-897 | F33: =IF(I33="Otras Tecnologías","GoldenSource","") | G33: Servicios prestados a proyectos con código | H33: Análisis y diseño (antigua fase de Diseño) | I33: =IF(OR(H33="Codificación",H33="Pruebas"),"Otras Tecnologías","-") -> - | J33: =SUM(K33:Y33) -> 45 | W33: 15 | X33: 15 | Y33: 15 | AB33: {=IFERROR(INDEX('Resument Total - Ofertas Proyec'!$B:$B,MATCH(AE33,'Resument Total - Ofertas Proyec'!$D:$D,0)),"")} | AC33: {=IFERROR(INDEX('Imputación TR - Proyecto-Quince'!$B:$B,MATCH(AE33,'Imputación TR - Proyecto-Quince'!$C:$C,0)),"")} | AF33: =IF(AI33="Otras Tecnologías","GoldenSource","") | AG33: - | AI33: =IF(OR(AH33="Codificación",AH33="Pruebas"),"Otras Tecnologías","-") -> - | AJ33: =SUM(AK33:AY33) -> 0 | BB33: {=IFERROR(INDEX('Resument Total - Ofertas Proyec'!$B:$B,MATCH(BE33,'Resument Total - Ofertas Proyec'!$D:$D,0)),"")} -> SDATOOL-51827 | BC33: {=IFERROR(INDEX('Imputación TR - Proyecto-Quince'!$B:$B,MATCH(BE33,'Imputación TR - Proyecto-Quince'!$C:$C,0)),"")} -> Eventos Corporativos | BE33: CIBRDR-897 | BF33: =IF(BI33="Otras Tecnologías","GoldenSource","") -> GoldenSource | BG33: Servicios prestados a proyectos con código | BH33: Codificación | BI33: =IF(OR(BH33="Codificación",BH33="Pruebas"),"Otras Tecnologías","-") -> Otras Tecnologías | BJ33: =SUM(BK33:BY33) -> 100 | BN33: 10 | BO33: 10 | BP33: 10 | BQ33: 10 | BR33: 10 | BU33: 10 | BV33: 10 | BW33: 10 | BX33: 10 | BY33: 10 | CB33: {=IFERROR(INDEX('Resument Total - Ofertas Proyec'!$B:$B,MATCH(CE33,'Resument Total - Ofertas Proyec'!$D:$D,0)),"")} | CC33: {=IFERROR(INDEX('Imputación TR - Proyecto-Quince'!$B:$B,MATCH(CE33,'Imputación TR - Proyecto-Quince'!$C:$C,0)),"")} | CF33: =IF(CI33="Otras Tecnologías","GoldenSource","") | CG33: - | CI33: =IF(OR(CH33="Codificación",CH33="Pruebas"),"Otras Tecnologías","-") -> - | CJ33: =SUM(CK33:CZ33) -> 0 | DC33: {=IFERROR(INDEX('Resument Total - Ofertas Proyec'!$B:$B,MATCH(DF33,'Resument Total - Ofertas Proyec'!$D:$D,0)),"")} | DD33: {=IFERROR(INDEX('Imputación TR - Proyecto-Quince'!$B:$B,MATCH(DF33,'Imputación TR - Proyecto-Quince'!$C:$C,0)),"")} | DE33: Soporte usuarios | DG33: =IF(DJ33="Otras Tecnologías","GoldenSource","") | DH33: Servicios prestados a proyectos sin código | DI33: Análisis y diseño (antigua fase de Diseño) | DJ33: =IF(OR(DI33="Codificación",DI33="Pruebas"),"Otras Tecnologías","-") -> - | DK33: =SUM(DL33:EA33) -> 51 | DS33: 9 | DT33: 9 | DU33: 9 | DV33: 9 | DW33: 6 | DZ33: 9 | EC33: {=IFERROR(INDEX('Resument Total - Ofertas Proyec'!$B:$B,MATCH(EF33,'Resument Total - Ofertas Proyec'!$D:$D,0)),"")} | ED33: {=IFERROR(INDEX('Imputación TR - Proyecto-Quince'!$B:$B,MATCH(EF33,'Imputación TR - Proyecto-Quince'!$C:$C,0)),"")} | EG33: =IF(EJ33="Otras Tecnologías","GoldenSource","") | EH33: - | EJ33: =IF(OR(EI33="Codificación",EI33="Pruebas"),"Otras Tecnologías","-") -> - | EK33: =SUM(EL33:EZ33) -> 0
B34: {=IFERROR(INDEX('Imputación TR - Proyecto-Quince'!$A:$A,MATCH(E34,'Imputación TR - Proyecto-Quince'!$C:$C,0)),"")} | C34: {=IFERROR(INDEX('Imputación TR - Proyecto-Quince'!$B:$B,MATCH(E34,'Imputación TR - Proyecto-Quince'!$C:$C,0)),"")} | F34: =IF(I34="Otras Tecnologías","GoldenSource","") | G34: - | I34: =IF(OR(H34="Codificación",H34="Pruebas"),"Otras Tecnologías","-") -> - | J34: =SUM(K34:Y34) -> 0 | AB34: {=IFERROR(INDEX('Resument Total - Ofertas Proyec'!$B:$B,MATCH(AE34,'Resument Total - Ofertas Proyec'!$D:$D,0)),"")} | AC34: {=IFERROR(INDEX('Imputación TR - Proyecto-Quince'!$B:$B,MATCH(AE34,'Imputación TR - Proyecto-Quince'!$C:$C,0)),"")} | AF34: =IF(AI34="Otras Tecnologías","GoldenSource","") | AG34: - | AI34: =IF(OR(AH34="Codificación",AH34="Pruebas"),"Otras Tecnologías","-") -> - | AJ34: =SUM(AK34:AY34) -> 0 | BB34: {=IFERROR(INDEX('Resument Total - Ofertas Proyec'!$B:$B,MATCH(BE34,'Resument Total - Ofertas Proyec'!$D:$D,0)),"")} | BC34: {=IFERROR(INDEX('Imputación TR - Proyecto-Quince'!$B:$B,MATCH(BE34,'Imputación TR - Proyecto-Quince'!$C:$C,0)),"")} | BF34: =IF(BI34="Otras Tecnologías","GoldenSource","") | BG34: - | BI34: =IF(OR(BH34="Codificación",BH34="Pruebas"),"Otras Tecnologías","-") -> - | BJ34: =SUM(BK34:BY34) -> 0 | CB34: {=IFERROR(INDEX('Resument Total - Ofertas Proyec'!$B:$B,MATCH(CE34,'Resument Total - Ofertas Proyec'!$D:$D,0)),"")} | CC34: {=IFERROR(INDEX('Imputación TR - Proyecto-Quince'!$B:$B,MATCH(CE34,'Imputación TR - Proyecto-Quince'!$C:$C,0)),"")} | CF34: =IF(CI34="Otras Tecnologías","GoldenSource","") | CG34: - | CI34: =IF(OR(CH34="Codificación",CH34="Pruebas"),"Otras Tecnologías","-") -> - | CJ34: =SUM(CK34:CZ34) -> 0 | DC34: {=IFERROR(INDEX('Resument Total - Ofertas Proyec'!$B:$B,MATCH(DF34,'Resument Total - Ofertas Proyec'!$D:$D,0)),"")} | DD34: {=IFERROR(INDEX('Imputación TR - Proyecto-Quince'!$B:$B,MATCH(DF34,'Imputación TR - Proyecto-Quince'!$C:$C,0)),"")} | DG34: =IF(DJ34="Otras Tecnologías","GoldenSource","") | DH34: - | DJ34: =IF(OR(DI34="Codificación",DI34="Pruebas"),"Otras Tecnologías","-") -> - | DK34: =SUM(DL34:EA34) -> 0 | EC34: {=IFERROR(INDEX('Resument Total - Ofertas Proyec'!$B:$B,MATCH(EF34,'Resument Total - Ofertas Proyec'!$D:$D,0)),"")} | ED34: {=IFERROR(INDEX('Imputación TR - Proyecto-Quince'!$B:$B,MATCH(EF34,'Imputación TR - Proyecto-Quince'!$C:$C,0)),"")} | EG34: =IF(EJ34="Otras Tecnologías","GoldenSource","") | EH34: - | EJ34: =IF(OR(EI34="Codificación",EI34="Pruebas"),"Otras Tecnologías","-") -> - | EK34: =SUM(EL34:EZ34) -> 0
A35: Laura Stella | B35: {=IFERROR(INDEX('Imputación TR - Proyecto-Quince'!$A:$A,MATCH(E35,'Imputación TR - Proyecto-Quince'!$C:$C,0)),"")} | D35: Soporte usuarios | G35: Servicios prestados a proyectos sin código | H35: Análisis y diseño (antigua fase de Diseño) | I35: - | J35: =SUM(K35:Y35) -> 87 | K35: 9 | L35: 9 | P35: 9 | Q35: 9 | R35: 9 | S35: 9 | T35: 6 | W35: 9 | X35: 9 | Y35: 9 | AA35: Laura Stella | AB35: {=IFERROR(INDEX('Resument Total - Ofertas Proyec'!$B:$B,MATCH(AE35,'Resument Total - Ofertas Proyec'!$D:$D,0)),"")} -> SDATOOL-34546 | AC35: {=IFERROR(INDEX('Imputación TR - Proyecto-Quince'!$B:$B,MATCH(AE35,'Imputación TR - Proyecto-Quince'!$C:$C,0)),"")} -> Calypso IV. Migración Abaco a Calypso F4 Swaps. | AE35: CIBRDR-953 | AF35: =IF(AI35="Otras Tecnologías","GoldenSource","") | AG35: Servicios prestados a proyectos con código | AH35: Análisis y diseño (antigua fase de Diseño) | AI35: =IF(OR(AH35="Codificación",AH35="Pruebas"),"Otras Tecnologías","-") -> - | AJ35: =SUM(AK35:AY35) -> 110 | AK35: 10 | AL35: 10 | AO35: 10 | AP35: 10 | AQ35: 10 | AR35: 10 | AS35: 10 | AV35: 10 | AW35: 10 | AX35: 10 | AY35: 10 | BA35: Laura Stella | BB35: {=IFERROR(INDEX('Resument Total - Ofertas Proyec'!$B:$B,MATCH(BE35,'Resument Total - Ofertas Proyec'!$D:$D,0)),"")} -> SDATOOL-51125 | BC35: {=IFERROR(INDEX('Imputación TR - Proyecto-Quince'!$B:$B,MATCH(BE35,'Imputación TR - Proyecto-Quince'!$C:$C,0)),"")} -> Migración FX y MM. Apagado Midas - Operaciones | BE35: CIBRDR-766 | BF35: =IF(BI35="Otras Tecnologías","GoldenSource","") | BG35: Servicios prestados a proyectos con código | BH35: Análisis y diseño (antigua fase de Diseño) | BI35: =IF(OR(BH35="Codificación",BH35="Pruebas"),"Otras Tecnologías","-") -> - | BJ35: =SUM(BK35:BY35) -> 150 | BN35: 15 | BO35: 15 | BP35: 15 | BQ35: 15 | BR35: 15 | BU35: 15 | BV35: 15 | BW35: 15 | BX35: 15 | BY35: 15 | CA35: Laura Stella | CB35: {=IFERROR(INDEX('Resument Total - Ofertas Proyec'!$B:$B,MATCH(CE35,'Resument Total - Ofertas Proyec'!$D:$D,0)),"")} -> SDATOOL-34546 | CC35: {=IFERROR(INDEX('Imputación TR - Proyecto-Quince'!$B:$B,MATCH(CE35,'Imputación TR - Proyecto-Quince'!$C:$C,0)),"")} -> Calypso V. Migración productos estructurados F5. | CE35: CIBRDR-954 | CF35: =IF(CI35="Otras Tecnologías","GoldenSource","") | CG35: Servicios prestados a proyectos con código | CH35: Análisis y diseño (antigua fase de Diseño) | CI35: =IF(OR(CH35="Codificación",CH35="Pruebas"),"Otras Tecnologías","-") -> - | CJ35: =SUM(CK35:CZ35) -> 50 | CM35: 5 | CN35: 5 | CO35: 5 | CP35: 5 | CQ35: 5 | CT35: 5 | CU35: 5 | CV35: 5 | CW35: 5 | CX35: 5 | DB35: Laura Stella | DC35: {=IFERROR(INDEX('Resument Total - Ofertas Proyec'!$B:$B,MATCH(DF35,'Resument Total - Ofertas Proyec'!$D:$D,0)),"")} -> SDATOOL-51125 | DD35: {=IFERROR(INDEX('Imputación TR - Proyecto-Quince'!$B:$B,MATCH(DF35,'Imputación TR - Proyecto-Quince'!$C:$C,0)),"")} -> Migración FX y MM. Apagado Midas - CLS | DF35: CIBRDR-990 | DG35: =IF(DJ35="Otras Tecnologías","GoldenSource","") -> GoldenSource | DH35: Servicios prestados a proyectos con código | DI35: Pruebas | DJ35: =IF(OR(DI35="Codificación",DI35="Pruebas"),"Otras Tecnologías","-") -> Otras Tecnologías | DK35: =SUM(DL35:EA35) -> 35 | DL35: 5 | DM35: 5 | DN35: 5 | DO35: 5 | DP35: 15 | EB35: Laura Stella | EC35: {=IFERROR(INDEX('Resument Total - Ofertas Proyec'!$B:$B,MATCH(EF35,'Resument Total - Ofertas Proyec'!$D:$D,0)),"")} -> SDATOOL-51125 | ED35: {=IFERROR(INDEX('Imputación TR - Proyecto-Quince'!$B:$B,MATCH(EF35,'Imputación TR - Proyecto-Quince'!$C:$C,0)),"")} -> Migración FX y MM. Apagado Midas - Operaciones | EF35: CIBRDR-766 | EG35: =IF(EJ35="Otras Tecnologías","GoldenSource","") | EH35: Servicios prestados a proyectos con código | EI35: Análisis y diseño (antigua fase de Diseño) | EJ35: =IF(OR(EI35="Codificación",EI35="Pruebas"),"Otras Tecnologías","-") -> - | EK35: =SUM(EL35:EZ35) -> 60 | EL35: 15 | EM35: 15 | EN35: 15 | EO35: 15
B36: {=IFERROR(INDEX('Imputación TR - Proyecto-Quince'!$A:$A,MATCH(E36,'Imputación TR - Proyecto-Quince'!$C:$C,0)),"")} | C36: {=IFERROR(INDEX('Imputación TR - Proyecto-Quince'!$B:$B,MATCH(E36,'Imputación TR - Proyecto-Quince'!$C:$C,0)),"")} | F36: =IF(I36="Otras Tecnologías","GoldenSource","") | G36: - | I36: =IF(OR(H36="Codificación",H36="Pruebas"),"Otras Tecnologías","-") -> - | J36: =SUM(K36:Y36) -> 0 | AB36: {=IFERROR(INDEX('Resument Total - Ofertas Proyec'!$B:$B,MATCH(AE36,'Resument Total - Ofertas Proyec'!$D:$D,0)),"")} | AC36: {=IFERROR(INDEX('Imputación TR - Proyecto-Quince'!$B:$B,MATCH(AE36,'Imputación TR - Proyecto-Quince'!$C:$C,0)),"")} | AF36: =IF(AI36="Otras Tecnologías","GoldenSource","") | AG36: - | AI36: =IF(OR(AH36="Codificación",AH36="Pruebas"),"Otras Tecnologías","-") -> - | AJ36: =SUM(AK36:AY36) -> 0 | BB36: {=IFERROR(INDEX('Resument Total - Ofertas Proyec'!$B:$B,MATCH(BE36,'Resument Total - Ofertas Proyec'!$D:$D,0)),"")} | BC36: {=IFERROR(INDEX('Imputación TR - Proyecto-Quince'!$B:$B,MATCH(BE36,'Imputación TR - Proyecto-Quince'!$C:$C,0)),"")} | BF36: =IF(BI36="Otras Tecnologías","GoldenSource","") | BG36: - | BI36: =IF(OR(BH36="Codificación",BH36="Pruebas"),"Otras Tecnologías","-") -> - | BJ36: =SUM(BK36:BY36) -> 0 | CB36: {=IFERROR(INDEX('Resument Total - Ofertas Proyec'!$B:$B,MATCH(CE36,'Resument Total - Ofertas Proyec'!$D:$D,0)),"")} -> SDATOOL-51125 | CC36: {=IFERROR(INDEX('Imputación TR - Proyecto-Quince'!$B:$B,MATCH(CE36,'Imputación TR - Proyecto-Quince'!$C:$C,0)),"")} -> Migración FX y MM. Apagado Midas - Operaciones | CE36: CIBRDR-766 | CF36: =IF(CI36="Otras Tecnologías","GoldenSource","") | CG36: Servicios prestados a proyectos con código | CH36: Análisis y diseño (antigua fase de Diseño) | CI36: =IF(OR(CH36="Codificación",CH36="Pruebas"),"Otras Tecnologías","-") -> - | CJ36: =SUM(CK36:CZ36) -> 50 | CM36: 5 | CN36: 5 | CO36: 5 | CP36: 5 | CQ36: 5 | CT36: 5 | CU36: 5 | CV36: 5 | CW36: 5 | CX36: 5 | DC36: {=IFERROR(INDEX('Resument Total - Ofertas Proyec'!$B:$B,MATCH(DF36,'Resument Total - Ofertas Proyec'!$D:$D,0)),"")} -> SDATOOL-54626 | DD36: {=IFERROR(INDEX('Imputación TR - Proyecto-Quince'!$B:$B,MATCH(DF36,'Imputación TR - Proyecto-Quince'!$C:$C,0)),"")} -> Institutional Clients Transversal Tools Plan (eClients) | DF36: CIBRDR-748 | DG36: =IF(DJ36="Otras Tecnologías","GoldenSource","") -> GoldenSource | DH36: Servicios prestados a proyectos con código | DI36: Pruebas | DJ36: =IF(OR(DI36="Codificación",DI36="Pruebas"),"Otras Tecnologías","-") -> Otras Tecnologías | DK36: =SUM(DL36:EA36) -> 40 | DL36: 10 | DM36: 10 | DN36: 10 | DO36: 10 | EC36: {=IFERROR(INDEX('Resument Total - Ofertas Proyec'!$B:$B,MATCH(EF36,'Resument Total - Ofertas Proyec'!$D:$D,0)),"")} | ED36: {=IFERROR(INDEX('Imputación TR - Proyecto-Quince'!$B:$B,MATCH(EF36,'Imputación TR - Proyecto-Quince'!$C:$C,0)),"")} | EE36: Soporte usuarios | EH36: Servicios prestados a proyectos sin código | EI36: Análisis y diseño (antigua fase de Diseño) | EJ36: =IF(OR(EI36="Codificación",EI36="Pruebas"),"Otras Tecnologías","-") -> - | EK36: =SUM(EL36:EZ36) -> 60 | ER36: 9 | ES36: 9 | ET36: 9 | EU36: 9 | EV36: 6 | EY36: 9 | EZ36: 9
CF37: =IF(CI37="Otras Tecnologías","GoldenSource","") | DE37: Soporte usuarios | DG37: =IF(DJ37="Otras Tecnologías","GoldenSource","") | DH37: Servicios prestados a proyectos sin código | DI37: Análisis y diseño (antigua fase de Diseño) | DJ37: =IF(OR(DI37="Codificación",DI37="Pruebas"),"Otras Tecnologías","-") -> - | DS37: 9 | DT37: 9 | DU37: 9 | DV37: 9 | DW37: 6 | DZ37: 9 | EG37: =IF(EJ37="Otras Tecnologías","GoldenSource","")
A38: Luis Antonio Bello | B38: {=IFERROR(INDEX('Imputación TR - Proyecto-Quince'!$A:$A,MATCH(E38,'Imputación TR - Proyecto-Quince'!$C:$C,0)),"")} | D38: Soporte usuarios | G38: Servicios prestados a proyectos sin código | H38: Análisis y diseño (antigua fase de Diseño) | I38: - | J38: =SUM(K38:Y38) -> 87 | K38: 9 | L38: 9 | P38: 9 | Q38: 9 | R38: 9 | S38: 9 | T38: 6 | W38: 9 | X38: 9 | Y38: 9 | AA38: Luis Antonio Bello | AB38: {=IFERROR(INDEX('Resument Total - Ofertas Proyec'!$B:$B,MATCH(AE38,'Resument Total - Ofertas Proyec'!$D:$D,0)),"")} | AC38: {=IFERROR(INDEX('Imputación TR - Proyecto-Quince'!$B:$B,MATCH(AE38,'Imputación TR - Proyecto-Quince'!$C:$C,0)),"")} | AD38: Soporte usuarios | AF38: =IF(AI38="Otras Tecnologías","GoldenSource","") | AG38: Servicios prestados a proyectos sin código | AH38: Análisis y diseño (antigua fase de Diseño) | AI38: =IF(OR(AH38="Codificación",AH38="Pruebas"),"Otras Tecnologías","-") -> - | AJ38: =SUM(AK38:AY38) -> 96 | AK38: 9 | AL38: 9 | AO38: 9 | AP38: 9 | AQ38: 9 | AR38: 9 | AS38: 6 | AV38: 9 | AW38: 9 | AX38: 9 | AY38: 9 | BA38: Luis Antonio Bello | BB38: {=IFERROR(INDEX('Resument Total - Ofertas Proyec'!$B:$B,MATCH(BE38,'Resument Total - Ofertas Proyec'!$D:$D,0)),"")} | BC38: {=IFERROR(INDEX('Imputación TR - Proyecto-Quince'!$B:$B,MATCH(BE38,'Imputación TR - Proyecto-Quince'!$C:$C,0)),"")} | BD38: Soporte usuarios | BF38: =IF(BI38="Otras Tecnologías","GoldenSource","") | BG38: Servicios prestados a proyectos sin código | BH38: Análisis y diseño (antigua fase de Diseño) | BI38: =IF(OR(BH38="Codificación",BH38="Pruebas"),"Otras Tecnologías","-") -> - | BJ38: =SUM(BK38:BY38) -> 87 | BN38: 9 | BO38: 9 | BP38: 9 | BQ38: 9 | BR38: 6 | BU38: 9 | BV38: 9 | BW38: 9 | BX38: 9 | BY38: 9 | CA38: Luis Antonio Bello | CB38: {=IFERROR(INDEX('Resument Total - Ofertas Proyec'!$B:$B,MATCH(CE38,'Resument Total - Ofertas Proyec'!$D:$D,0)),"")} | CC38: {=IFERROR(INDEX('Imputación TR - Proyecto-Quince'!$B:$B,MATCH(CE38,'Imputación TR - Proyecto-Quince'!$C:$C,0)),"")} | CD38: Soporte usuarios | CF38: =IF(CI38="Otras Tecnologías","GoldenSource","") | CG38: Servicios prestados a proyectos sin código | CH38: Análisis y diseño (antigua fase de Diseño) | CI38: =IF(OR(CH38="Codificación",CH38="Pruebas"),"Otras Tecnologías","-") -> - | CJ38: =SUM(CK38:CZ38) -> 84 | CM38: 9 | CN38: 9 | CO38: 9 | CP38: 9 | CQ38: 6 | CT38: 9 | CU38: 9 | CV38: 9 | CW38: 9 | CX38: 6 | DB38: Luis Antonio Bello | DC38: {=IFERROR(INDEX('Resument Total - Ofertas Proyec'!$B:$B,MATCH(DF38,'Resument Total - Ofertas Proyec'!$D:$D,0)),"")} | DD38: {=IFERROR(INDEX('Imputación TR - Proyecto-Quince'!$B:$B,MATCH(DF38,'Imputación TR - Proyecto-Quince'!$C:$C,0)),"")} | DE38: Soporte usuarios | DG38: =IF(DJ38="Otras Tecnologías","GoldenSource","") | DH38: Servicios prestados a proyectos sin código | DI38: Análisis y diseño (antigua fase de Diseño) | DJ38: =IF(OR(DI38="Codificación",DI38="Pruebas"),"Otras Tecnologías","-") -> - | DK38: =SUM(DL38:EA38) -> 93 | DL38: 9 | DM38: 9 | DN38: 9 | DO38: 9 | DP38: 6 | DS38: 9 | DT38: 9 | DU38: 9 | DV38: 9 | DW38: 6 | DZ38: 9 | EB38: Luis Antonio Bello | EC38: {=IFERROR(INDEX('Resument Total - Ofertas Proyec'!$B:$B,MATCH(EF38,'Resument Total - Ofertas Proyec'!$D:$D,0)),"")} | ED38: {=IFERROR(INDEX('Imputación TR - Proyecto-Quince'!$B:$B,MATCH(EF38,'Imputación TR - Proyecto-Quince'!$C:$C,0)),"")} | EE38: Soporte usuarios | EG38: =IF(EJ38="Otras Tecnologías","GoldenSource","") | EH38: Servicios prestados a proyectos sin código | EI38: Análisis y diseño (antigua fase de Diseño) | EJ38: =IF(OR(EI38="Codificación",EI38="Pruebas"),"Otras Tecnologías","-") -> - | EK38: =SUM(EL38:EZ38) -> 93 | EL38: 9 | EM38: 9 | EN38: 9 | EO38: 6 | ER38: 9 | ES38: 9 | ET38: 9 | EU38: 9 | EV38: 6 | EY38: 9 | EZ38: 9
B39: {=IFERROR(INDEX('Imputación TR - Proyecto-Quince'!$A:$A,MATCH(E39,'Imputación TR - Proyecto-Quince'!$C:$C,0)),"")} | C39: {=IFERROR(INDEX('Imputación TR - Proyecto-Quince'!$B:$B,MATCH(E39,'Imputación TR - Proyecto-Quince'!$C:$C,0)),"")} | F39: =IF(I39="Otras Tecnologías","GoldenSource","") | G39: - | I39: =IF(OR(H39="Codificación",H39="Pruebas"),"Otras Tecnologías","-") -> - | J39: =SUM(K39:Y39) -> 0 | AB39: {=IFERROR(INDEX('Resument Total - Ofertas Proyec'!$B:$B,MATCH(AE39,'Resument Total - Ofertas Proyec'!$D:$D,0)),"")} | AC39: {=IFERROR(INDEX('Imputación TR - Proyecto-Quince'!$B:$B,MATCH(AE39,'Imputación TR - Proyecto-Quince'!$C:$C,0)),"")} | AF39: =IF(AI39="Otras Tecnologías","GoldenSource","") | AG39: - | AI39: =IF(OR(AH39="Codificación",AH39="Pruebas"),"Otras Tecnologías","-") -> - | AJ39: =SUM(AK39:AY39) -> 0 | BB39: {=IFERROR(INDEX('Resument Total - Ofertas Proyec'!$B:$B,MATCH(BE39,'Resument Total - Ofertas Proyec'!$D:$D,0)),"")} | BC39: {=IFERROR(INDEX('Imputación TR - Proyecto-Quince'!$B:$B,MATCH(BE39,'Imputación TR - Proyecto-Quince'!$C:$C,0)),"")} | BF39: =IF(BI39="Otras Tecnologías","GoldenSource","") | BG39: - | BI39: =IF(OR(BH39="Codificación",BH39="Pruebas"),"Otras Tecnologías","-") -> - | BJ39: =SUM(BK39:BY39) -> 0 | CB39: {=IFERROR(INDEX('Resument Total - Ofertas Proyec'!$B:$B,MATCH(CE39,'Resument Total - Ofertas Proyec'!$D:$D,0)),"")} | CC39: {=IFERROR(INDEX('Imputación TR - Proyecto-Quince'!$B:$B,MATCH(CE39,'Imputación TR - Proyecto-Quince'!$C:$C,0)),"")} | CF39: =IF(CI39="Otras Tecnologías","GoldenSource","") | CG39: - | CI39: =IF(OR(CH39="Codificación",CH39="Pruebas"),"Otras Tecnologías","-") -> - | CJ39: =SUM(CK39:CZ39) -> 0 | DC39: {=IFERROR(INDEX('Resument Total - Ofertas Proyec'!$B:$B,MATCH(DF39,'Resument Total - Ofertas Proyec'!$D:$D,0)),"")} | DD39: {=IFERROR(INDEX('Imputación TR - Proyecto-Quince'!$B:$B,MATCH(DF39,'Imputación TR - Proyecto-Quince'!$C:$C,0)),"")} | DG39: =IF(DJ39="Otras Tecnologías","GoldenSource","") | DH39: - | DJ39: =IF(OR(DI39="Codificación",DI39="Pruebas"),"Otras Tecnologías","-") -> - | DK39: =SUM(DL39:EA39) -> 0 | EC39: {=IFERROR(INDEX('Resument Total - Ofertas Proyec'!$B:$B,MATCH(EF39,'Resument Total - Ofertas Proyec'!$D:$D,0)),"")} | ED39: {=IFERROR(INDEX('Imputación TR - Proyecto-Quince'!$B:$B,MATCH(EF39,'Imputación TR - Proyecto-Quince'!$C:$C,0)),"")} | EG39: =IF(EJ39="Otras Tecnologías","GoldenSource","") | EH39: - | EJ39: =IF(OR(EI39="Codificación",EI39="Pruebas"),"Otras Tecnologías","-") -> - | EK39: =SUM(EL39:EZ39) -> 0
B40: {=IFERROR(INDEX('Imputación TR - Proyecto-Quince'!$A:$A,MATCH(E40,'Imputación TR - Proyecto-Quince'!$C:$C,0)),"")} | C40: {=IFERROR(INDEX('Imputación TR - Proyecto-Quince'!$B:$B,MATCH(E40,'Imputación TR - Proyecto-Quince'!$C:$C,0)),"")} | F40: =IF(I40="Otras Tecnologías","GoldenSource","") | G40: - | I40: =IF(OR(H40="Codificación",H40="Pruebas"),"Otras Tecnologías","-") -> - | J40: =SUM(K40:Y40) -> 0 | AB40: {=IFERROR(INDEX('Resument Total - Ofertas Proyec'!$B:$B,MATCH(AE40,'Resument Total - Ofertas Proyec'!$D:$D,0)),"")} | AC40: {=IFERROR(INDEX('Imputación TR - Proyecto-Quince'!$B:$B,MATCH(AE40,'Imputación TR - Proyecto-Quince'!$C:$C,0)),"")} | AF40: =IF(AI40="Otras Tecnologías","GoldenSource","") | AG40: - | AI40: =IF(OR(AH40="Codificación",AH40="Pruebas"),"Otras Tecnologías","-") -> - | AJ40: =SUM(AK40:AY40) -> 0 | BB40: {=IFERROR(INDEX('Resument Total - Ofertas Proyec'!$B:$B,MATCH(BE40,'Resument Total - Ofertas Proyec'!$D:$D,0)),"")} | BC40: {=IFERROR(INDEX('Imputación TR - Proyecto-Quince'!$B:$B,MATCH(BE40,'Imputación TR - Proyecto-Quince'!$C:$C,0)),"")} | BF40: =IF(BI40="Otras Tecnologías","GoldenSource","") | BG40: - | BI40: =IF(OR(BH40="Codificación",BH40="Pruebas"),"Otras Tecnologías","-") -> - | BJ40: =SUM(BK40:BY40) -> 0 | CB40: {=IFERROR(INDEX('Resument Total - Ofertas Proyec'!$B:$B,MATCH(CE40,'Resument Total - Ofertas Proyec'!$D:$D,0)),"")} | CC40: {=IFERROR(INDEX('Imputación TR - Proyecto-Quince'!$B:$B,MATCH(CE40,'Imputación TR - Proyecto-Quince'!$C:$C,0)),"")} | CF40: =IF(CI40="Otras Tecnologías","GoldenSource","") | CG40: - | CI40: =IF(OR(CH40="Codificación",CH40="Pruebas"),"Otras Tecnologías","-") -> - | CJ40: =SUM(CK40:CZ40) -> 0 | DC40: {=IFERROR(INDEX('Resument Total - Ofertas Proyec'!$B:$B,MATCH(DF40,'Resument Total - Ofertas Proyec'!$D:$D,0)),"")} | DD40: {=IFERROR(INDEX('Imputación TR - Proyecto-Quince'!$B:$B,MATCH(DF40,'Imputación TR - Proyecto-Quince'!$C:$C,0)),"")} | DG40: =IF(DJ40="Otras Tecnologías","GoldenSource","") | DH40: - | DJ40: =IF(OR(DI40="Codificación",DI40="Pruebas"),"Otras Tecnologías","-") -> - | DK40: =SUM(DL40:EA40) -> 0 | EC40: {=IFERROR(INDEX('Resument Total - Ofertas Proyec'!$B:$B,MATCH(EF40,'Resument Total - Ofertas Proyec'!$D:$D,0)),"")} | ED40: {=IFERROR(INDEX('Imputación TR - Proyecto-Quince'!$B:$B,MATCH(EF40,'Imputación TR - Proyecto-Quince'!$C:$C,0)),"")} | EG40: =IF(EJ40="Otras Tecnologías","GoldenSource","") | EH40: - | EJ40: =IF(OR(EI40="Codificación",EI40="Pruebas"),"Otras Tecnologías","-") -> - | EK40: =SUM(EL40:EZ40) -> 0
A41: Marta Trujillano | B41: {=IFERROR(INDEX('Imputación TR - Proyecto-Quince'!$A:$A,MATCH(E41,'Imputación TR - Proyecto-Quince'!$C:$C,0)),"")} | D41: Soporte usuarios | G41: Servicios prestados a proyectos sin código | H41: Análisis y diseño (antigua fase de Diseño) | I41: - | J41: =SUM(K41:Y41) -> 87 | K41: 9 | L41: 9 | P41: 9 | Q41: 9 | R41: 9 | S41: 9 | T41: 6 | W41: 9 | X41: 9 | Y41: 9 | AA41: Marta Trujillano | AB41: {=IFERROR(INDEX('Resument Total - Ofertas Proyec'!$B:$B,MATCH(AE41,'Resument Total - Ofertas Proyec'!$D:$D,0)),"")} -> SDATOOL-34546 | AC41: {=IFERROR(INDEX('Imputación TR - Proyecto-Quince'!$B:$B,MATCH(AE41,'Imputación TR - Proyecto-Quince'!$C:$C,0)),"")} -> Calypso IV. Migración Abaco a Calypso F4 Swaps. | AE41: CIBRDR-953 | AF41: =IF(AI41="Otras Tecnologías","GoldenSource","") | AG41: Servicios prestados a proyectos con código | AH41: Análisis y diseño (antigua fase de Diseño) | AI41: =IF(OR(AH41="Codificación",AH41="Pruebas"),"Otras Tecnologías","-") -> - | AJ41: =SUM(AK41:AY41) -> 110 | AK41: 10 | AL41: 10 | AO41: 10 | AP41: 10 | AQ41: 10 | AR41: 10 | AS41: 10 | AV41: 10 | AW41: 10 | AX41: 10 | AY41: 10 | BA41: Marta Trujillano | BB41: {=IFERROR(INDEX('Resument Total - Ofertas Proyec'!$B:$B,MATCH(BE41,'Resument Total - Ofertas Proyec'!$D:$D,0)),"")} -> SDATOOL-34546 | BC41: {=IFERROR(INDEX('Imputación TR - Proyecto-Quince'!$B:$B,MATCH(BE41,'Imputación TR - Proyecto-Quince'!$C:$C,0)),"")} -> Calypso IV. Migración Abaco a Calypso F4 Swaps. | BE41: CIBRDR-953 | BF41: =IF(BI41="Otras Tecnologías","GoldenSource","") -> GoldenSource | BG41: Servicios prestados a proyectos con código | BH41: Pruebas | BI41: =IF(OR(BH41="Codificación",BH41="Pruebas"),"Otras Tecnologías","-") -> Otras Tecnologías | BJ41: =SUM(BK41:BY41) -> 5 | BN41: 1 | BO41: 1 | BP41: 1 | BQ41: 1 | BR41: 1 | CA41: Marta Trujillano | CB41: {=IFERROR(INDEX('Resument Total - Ofertas Proyec'!$B:$B,MATCH(CE41,'Resument Total - Ofertas Proyec'!$D:$D,0)),"")} -> SDATOOL-49629 | CC41: {=IFERROR(INDEX('Imputación TR - Proyecto-Quince'!$B:$B,MATCH(CE41,'Imputación TR - Proyecto-Quince'!$C:$C,0)),"")} -> BSI 2.0. Cargador genérico Legal Agreements | CE41: CIBRDR-762 | CF41: =IF(CI41="Otras Tecnologías","GoldenSource","") -> GoldenSource | CG41: Servicios prestados a proyectos con código | CH41: Pruebas | CI41: =IF(OR(CH41="Codificación",CH41="Pruebas"),"Otras Tecnologías","-") -> Otras Tecnologías | CJ41: =SUM(CK41:CZ41) -> 150 | CM41: 15 | CN41: 15 | CO41: 15 | CP41: 15 | CQ41: 15 | CT41: 15 | CU41: 15 | CV41: 15 | CW41: 15 | CX41: 15 | DB41: Marta Trujillano | DC41: {=IFERROR(INDEX('Resument Total - Ofertas Proyec'!$B:$B,MATCH(DF41,'Resument Total - Ofertas Proyec'!$D:$D,0)),"")} -> SDATOOL-51125 | DD41: {=IFERROR(INDEX('Imputación TR - Proyecto-Quince'!$B:$B,MATCH(DF41,'Imputación TR - Proyecto-Quince'!$C:$C,0)),"")} -> Migración FX y MM. Apagado Midas - CLS | DF41: CIBRDR-990 | DG41: =IF(DJ41="Otras Tecnologías","GoldenSource","") -> GoldenSource | DH41: Servicios prestados a proyectos con código | DI41: Pruebas | DJ41: =IF(OR(DI41="Codificación",DI41="Pruebas"),"Otras Tecnologías","-") -> Otras Tecnologías | DK41: =SUM(DL41:EA41) -> 30 | DS41: 10 | DT41: 10 | DU41: 10 | EB41: Marta Trujillano | EC41: {=IFERROR(INDEX('Resument Total - Ofertas Proyec'!$B:$B,MATCH(EF41,'Resument Total - Ofertas Proyec'!$D:$D,0)),"")} -> SDATOOL-55461 | ED41: {=IFERROR(INDEX('Imputación TR - Proyecto-Quince'!$B:$B,MATCH(EF41,'Imputación TR - Proyecto-Quince'!$C:$C,0)),"")} -> Refinamiento Productos Entregados | EF41: CIBRDR-917 | EG41: =IF(EJ41="Otras Tecnologías","GoldenSource","") | EH41: Servicios prestados a proyectos con código | EI41: Análisis y diseño (antigua fase de Diseño) | EJ41: =IF(OR(EI41="Codificación",EI41="Pruebas"),"Otras Tecnologías","-") -> - | EK41: =SUM(EL41:EZ41) -> 40 | EL41: 10 | EM41: 10 | EN41: 10 | EO41: 10
B42: {=IFERROR(INDEX('Imputación TR - Proyecto-Quince'!$A:$A,MATCH(E42,'Imputación TR - Proyecto-Quince'!$C:$C,0)),"")} | C42: {=IFERROR(INDEX('Imputación TR - Proyecto-Quince'!$B:$B,MATCH(E42,'Imputación TR - Proyecto-Quince'!$C:$C,0)),"")} | F42: =IF(I42="Otras Tecnologías","GoldenSource","") | G42: - | I42: =IF(OR(H42="Codificación",H42="Pruebas"),"Otras Tecnologías","-") -> - | J42: =SUM(K42:Y42) -> 0 | AB42: {=IFERROR(INDEX('Resument Total - Ofertas Proyec'!$B:$B,MATCH(AE42,'Resument Total - Ofertas Proyec'!$D:$D,0)),"")} | AC42: {=IFERROR(INDEX('Imputación TR - Proyecto-Quince'!$B:$B,MATCH(AE42,'Imputación TR - Proyecto-Quince'!$C:$C,0)),"")} | AF42: =IF(AI42="Otras Tecnologías","GoldenSource","") | AG42: - | AI42: =IF(OR(AH42="Codificación",AH42="Pruebas"),"Otras Tecnologías","-") -> - | AJ42: =SUM(AK42:AY42) -> 0 | BB42: {=IFERROR(INDEX('Resument Total - Ofertas Proyec'!$B:$B,MATCH(BE42,'Resument Total - Ofertas Proyec'!$D:$D,0)),"")} -> SDATOOL-51125 | BC42: {=IFERROR(INDEX('Imputación TR - Proyecto-Quince'!$B:$B,MATCH(BE42,'Imputación TR - Proyecto-Quince'!$C:$C,0)),"")} -> Migración FX y MM. Apagado Midas - Operaciones | BE42: CIBRDR-766 | BF42: =IF(BI42="Otras Tecnologías","GoldenSource","") | BG42: Servicios prestados a proyectos con código | BH42: Análisis y diseño (antigua fase de Diseño) | BI42: =IF(OR(BH42="Codificación",BH42="Pruebas"),"Otras Tecnologías","-") -> - | BJ42: =SUM(BK42:BY42) -> 150 | BN42: 15 | BO42: 15 | BP42: 15 | BQ42: 15 | BR42: 15 | BU42: 15 | BV42: 15 | BW42: 15 | BX42: 15 | BY42: 15 | CB42: {=IFERROR(INDEX('Resument Total - Ofertas Proyec'!$B:$B,MATCH(CE42,'Resument Total - Ofertas Proyec'!$D:$D,0)),"")} | CC42: {=IFERROR(INDEX('Imputación TR - Proyecto-Quince'!$B:$B,MATCH(CE42,'Imputación TR - Proyecto-Quince'!$C:$C,0)),"")} | CF42: =IF(CI42="Otras Tecnologías","GoldenSource","") | CG42: - | CI42: =IF(OR(CH42="Codificación",CH42="Pruebas"),"Otras Tecnologías","-") -> - | CJ42: =SUM(CK42:CZ42) -> 0 | DC42: {=IFERROR(INDEX('Resument Total - Ofertas Proyec'!$B:$B,MATCH(DF42,'Resument Total - Ofertas Proyec'!$D:$D,0)),"")} -> SDATOOL-54626 | DD42: {=IFERROR(INDEX('Imputación TR - Proyecto-Quince'!$B:$B,MATCH(DF42,'Imputación TR - Proyecto-Quince'!$C:$C,0)),"")} -> Institutional Clients Transversal Tools Plan (eClients) | DF42: CIBRDR-748 | DG42: =IF(DJ42="Otras Tecnologías","GoldenSource","") -> GoldenSource | DH42: Servicios prestados a proyectos con código | DI42: Pruebas | DJ42: =IF(OR(DI42="Codificación",DI42="Pruebas"),"Otras Tecnologías","-") -> Otras Tecnologías | DK42: =SUM(DL42:EA42) -> 75 | DL42: 15 | DM42: 15 | DN42: 15 | DO42: 15 | DP42: 15 | EC42: {=IFERROR(INDEX('Resument Total - Ofertas Proyec'!$B:$B,MATCH(EF42,'Resument Total - Ofertas Proyec'!$D:$D,0)),"")} -> SDATOOL-51125 | ED42: {=IFERROR(INDEX('Imputación TR - Proyecto-Quince'!$B:$B,MATCH(EF42,'Imputación TR - Proyecto-Quince'!$C:$C,0)),"")} -> Migración FX y MM. Apagado Midas - Operaciones | EF42: CIBRDR-766 | EG42: =IF(EJ42="Otras Tecnologías","GoldenSource","") | EH42: Servicios prestados a proyectos con código | EI42: Análisis y diseño (antigua fase de Diseño) | EJ42: =IF(OR(EI42="Codificación",EI42="Pruebas"),"Otras Tecnologías","-") -> - | EK42: =SUM(EL42:EZ42) -> 20 | EL42: 5 | EM42: 5 | EN42: 5 | EO42: 5
B43: {=IFERROR(INDEX('Imputación TR - Proyecto-Quince'!$A:$A,MATCH(E43,'Imputación TR - Proyecto-Quince'!$C:$C,0)),"")} | C43: {=IFERROR(INDEX('Imputación TR - Proyecto-Quince'!$B:$B,MATCH(E43,'Imputación TR - Proyecto-Quince'!$C:$C,0)),"")} | F43: =IF(I43="Otras Tecnologías","GoldenSource","") | G43: - | I43: =IF(OR(H43="Codificación",H43="Pruebas"),"Otras Tecnologías","-") -> - | J43: =SUM(K43:Y43) -> 0 | AB43: {=IFERROR(INDEX('Resument Total - Ofertas Proyec'!$B:$B,MATCH(AE43,'Resument Total - Ofertas Proyec'!$D:$D,0)),"")} | AC43: {=IFERROR(INDEX('Imputación TR - Proyecto-Quince'!$B:$B,MATCH(AE43,'Imputación TR - Proyecto-Quince'!$C:$C,0)),"")} | AF43: =IF(AI43="Otras Tecnologías","GoldenSource","") | AG43: - | AI43: =IF(OR(AH43="Codificación",AH43="Pruebas"),"Otras Tecnologías","-") -> - | AJ43: =SUM(AK43:AY43) -> 0 | BB43: {=IFERROR(INDEX('Resument Total - Ofertas Proyec'!$B:$B,MATCH(BE43,'Resument Total - Ofertas Proyec'!$D:$D,0)),"")} | BC43: {=IFERROR(INDEX('Imputación TR - Proyecto-Quince'!$B:$B,MATCH(BE43,'Imputación TR - Proyecto-Quince'!$C:$C,0)),"")} | BF43: =IF(BI43="Otras Tecnologías","GoldenSource","") | BG43: - | BI43: =IF(OR(BH43="Codificación",BH43="Pruebas"),"Otras Tecnologías","-") -> - | BJ43: =SUM(BK43:BY43) -> 0 | CB43: {=IFERROR(INDEX('Resument Total - Ofertas Proyec'!$B:$B,MATCH(CE43,'Resument Total - Ofertas Proyec'!$D:$D,0)),"")} | CC43: {=IFERROR(INDEX('Imputación TR - Proyecto-Quince'!$B:$B,MATCH(CE43,'Imputación TR - Proyecto-Quince'!$C:$C,0)),"")} | CF43: =IF(CI43="Otras Tecnologías","GoldenSource","") | CG43: - | CI43: =IF(OR(CH43="Codificación",CH43="Pruebas"),"Otras Tecnologías","-") -> - | CJ43: =SUM(CK43:CZ43) -> 0 | DC43: {=IFERROR(INDEX('Resument Total - Ofertas Proyec'!$B:$B,MATCH(DF43,'Resument Total - Ofertas Proyec'!$D:$D,0)),"")} | DD43: {=IFERROR(INDEX('Imputación TR - Proyecto-Quince'!$B:$B,MATCH(DF43,'Imputación TR - Proyecto-Quince'!$C:$C,0)),"")} | DE43: Soporte usuarios | DG43: =IF(DJ43="Otras Tecnologías","GoldenSource","") | DH43: Servicios prestados a proyectos sin código | DI43: Análisis y diseño (antigua fase de Diseño) | DJ43: =IF(OR(DI43="Codificación",DI43="Pruebas"),"Otras Tecnologías","-") -> - | DK43: =SUM(DL43:EA43) -> 24 | DV43: 9 | DW43: 6 | DZ43: 9 | EC43: {=IFERROR(INDEX('Resument Total - Ofertas Proyec'!$B:$B,MATCH(EF43,'Resument Total - Ofertas Proyec'!$D:$D,0)),"")} | ED43: {=IFERROR(INDEX('Imputación TR - Proyecto-Quince'!$B:$B,MATCH(EF43,'Imputación TR - Proyecto-Quince'!$C:$C,0)),"")} | EE43: Soporte usuarios | EH43: Servicios prestados a proyectos sin código | EI43: Análisis y diseño (antigua fase de Diseño) | EJ43: =IF(OR(EI43="Codificación",EI43="Pruebas"),"Otras Tecnologías","-") -> - | EK43: =SUM(EL43:EZ43) -> 60 | ER43: 9 | ES43: 9 | ET43: 9 | EU43: 9 | EV43: 6 | EY43: 9 | EZ43: 9
A44: Miguel Saavedra | B44: {=IFERROR(INDEX('Imputación TR - Proyecto-Quince'!$A:$A,MATCH(E44,'Imputación TR - Proyecto-Quince'!$C:$C,0)),"")} | D44: Soporte usuarios | G44: Servicios prestados a proyectos sin código | H44: Análisis y diseño (antigua fase de Diseño) | I44: - | J44: =SUM(K44:Y44) -> 60 | K44: 9 | L44: 9 | P44: 9 | Q44: 9 | R44: 9 | S44: 9 | T44: 6 | AA44: Miguel Saavedra | AB44: {=IFERROR(INDEX('Resument Total - Ofertas Proyec'!$B:$B,MATCH(AE44,'Resument Total - Ofertas Proyec'!$D:$D,0)),"")} -> SDATOOL-42226 | AC44: {=IFERROR(INDEX('Imputación TR - Proyecto-Quince'!$B:$B,MATCH(AE44,'Imputación TR - Proyecto-Quince'!$C:$C,0)),"")} -> Strategic Boost Alta y Mantenimiento de Emisiones y Emisores. | AE44: CIBRDR-888 | AF44: =IF(AI44="Otras Tecnologías","GoldenSource","") | AG44: Servicios prestados a proyectos con código | AH44: Análisis y diseño (antigua fase de Diseño) | AI44: =IF(OR(AH44="Codificación",AH44="Pruebas"),"Otras Tecnologías","-") -> - | AJ44: =SUM(AK44:AY44) -> 110 | AK44: 10 | AL44: 10 | AO44: 10 | AP44: 10 | AQ44: 10 | AR44: 10 | AS44: 10 | AV44: 10 | AW44: 10 | AX44: 10 | AY44: 10 | BA44: Miguel Saavedra | BB44: {=IFERROR(INDEX('Resument Total - Ofertas Proyec'!$B:$B,MATCH(BE44,'Resument Total - Ofertas Proyec'!$D:$D,0)),"")} -> SDATOOL-42226 | BC44: {=IFERROR(INDEX('Imputación TR - Proyecto-Quince'!$B:$B,MATCH(BE44,'Imputación TR - Proyecto-Quince'!$C:$C,0)),"")} -> Strategic Boost Alta y Mantenimiento de Emisiones y Emisores. | BE44: CIBRDR-887 | BF44: =IF(BI44="Otras Tecnologías","GoldenSource","") -> GoldenSource | BG44: Servicios prestados a proyectos con código | BH44: Codificación | BI44: =IF(OR(BH44="Codificación",BH44="Pruebas"),"Otras Tecnologías","-") -> Otras Tecnologías | BJ44: =SUM(BK44:BY44) -> 50 | BN44: 5 | BO44: 5 | BP44: 5 | BQ44: 5 | BR44: 5 | BU44: 5 | BV44: 5 | BW44: 5 | BX44: 5 | BY44: 5 | CA44: Miguel Saavedra | CB44: {=IFERROR(INDEX('Resument Total - Ofertas Proyec'!$B:$B,MATCH(CE44,'Resument Total - Ofertas Proyec'!$D:$D,0)),"")} -> SDATOOL-42226 | CC44: {=IFERROR(INDEX('Imputación TR - Proyecto-Quince'!$B:$B,MATCH(CE44,'Imputación TR - Proyecto-Quince'!$C:$C,0)),"")} -> Strategic Boost Alta y Mantenimiento de Emisiones y Emisores. | CE44: CIBRDR-888 | CF44: =IF(CI44="Otras Tecnologías","GoldenSource","") -> GoldenSource | CG44: Servicios prestados a proyectos con código | CH44: Codificación | CI44: =IF(OR(CH44="Codificación",CH44="Pruebas"),"Otras Tecnologías","-") -> Otras Tecnologías | CJ44: =SUM(CK44:CZ44) -> 50 | CM44: 5 | CN44: 5 | CO44: 5 | CP44: 5 | CQ44: 5 | CT44: 5 | CU44: 5 | CV44: 5 | CW44: 5 | CX44: 5 | DB44: Miguel Saavedra | DC44: {=IFERROR(INDEX('Resument Total - Ofertas Proyec'!$B:$B,MATCH(DF44,'Resument Total - Ofertas Proyec'!$D:$D,0)),"")} -> SDATOOL-42226 | DD44: {=IFERROR(INDEX('Imputación TR - Proyecto-Quince'!$B:$B,MATCH(DF44,'Imputación TR - Proyecto-Quince'!$C:$C,0)),"")} -> Strategic Boost Alta y Mantenimiento de Emisiones y Emisores. | DF44: CIBRDR-888 | DG44: =IF(DJ44="Otras Tecnologías","GoldenSource","") -> GoldenSource | DH44: Servicios prestados a proyectos con código | DI44: Pruebas | DJ44: =IF(OR(DI44="Codificación",DI44="Pruebas"),"Otras Tecnologías","-") -> Otras Tecnologías | DK44: =SUM(DL44:EA44) -> 51 | DL44: 11 | DM44: 10 | DN44: 10 | DO44: 10 | DP44: 10 | EB44: Miguel Saavedra | EC44: {=IFERROR(INDEX('Resument Total - Ofertas Proyec'!$B:$B,MATCH(EF44,'Resument Total - Ofertas Proyec'!$D:$D,0)),"")} -> SDATOOL-51067 | ED44: {=IFERROR(INDEX('Imputación TR - Proyecto-Quince'!$B:$B,MATCH(EF44,'Imputación TR - Proyecto-Quince'!$C:$C,0)),"")} -> CTM Colombia | EF44: CIBALERTMI-9 | EG44: =IF(EJ44="Otras Tecnologías","GoldenSource","") -> GoldenSource | EH44: Servicios prestados a proyectos con código | EI44: Pruebas | EJ44: =IF(OR(EI44="Codificación",EI44="Pruebas"),"Otras Tecnologías","-") -> Otras Tecnologías | EK44: =SUM(EL44:EZ44) -> 77 | EM44: 10 | EN44: 10 | EO44: 10 | ER44: 10 | ES44: 10 | ET44: 10 | EU44: 10 | EV44: 7
B45: {=IFERROR(INDEX('Imputación TR - Proyecto-Quince'!$A:$A,MATCH(E45,'Imputación TR - Proyecto-Quince'!$C:$C,0)),"")} -> SDATOOL-42226 | C45: {=IFERROR(INDEX('Imputación TR - Proyecto-Quince'!$B:$B,MATCH(E45,'Imputación TR - Proyecto-Quince'!$C:$C,0)),"")} -> Strategic Boost Alta y Mantenimiento de Emisiones y Emisores. | E45: CIBRDR-888 | F45: =IF(I45="Otras Tecnologías","GoldenSource","") | G45: Servicios prestados a proyectos con código | H45: Análisis y diseño (antigua fase de Diseño) | I45: =IF(OR(H45="Codificación",H45="Pruebas"),"Otras Tecnologías","-") -> - | J45: =SUM(K45:Y45) -> 30 | W45: 10 | X45: 10 | Y45: 10 | AB45: {=IFERROR(INDEX('Resument Total - Ofertas Proyec'!$B:$B,MATCH(AE45,'Resument Total - Ofertas Proyec'!$D:$D,0)),"")} | AC45: {=IFERROR(INDEX('Imputación TR - Proyecto-Quince'!$B:$B,MATCH(AE45,'Imputación TR - Proyecto-Quince'!$C:$C,0)),"")} | AF45: =IF(AI45="Otras Tecnologías","GoldenSource","") | AG45: - | AI45: =IF(OR(AH45="Codificación",AH45="Pruebas"),"Otras Tecnologías","-") -> - | AJ45: =SUM(AK45:AY45) -> 0 | BB45: {=IFERROR(INDEX('Resument Total - Ofertas Proyec'!$B:$B,MATCH(BE45,'Resument Total - Ofertas Proyec'!$D:$D,0)),"")} -> SDATOOL-49629 | BC45: {=IFERROR(INDEX('Imputación TR - Proyecto-Quince'!$B:$B,MATCH(BE45,'Imputación TR - Proyecto-Quince'!$C:$C,0)),"")} -> BSI 2.0. Cargador genérico Legal Agreements | BE45: CIBRDR-762 | BF45: =IF(BI45="Otras Tecnologías","GoldenSource","") -> GoldenSource | BG45: Servicios prestados a proyectos con código | BH45: Pruebas | BI45: =IF(OR(BH45="Codificación",BH45="Pruebas"),"Otras Tecnologías","-") -> Otras Tecnologías | BJ45: =SUM(BK45:BY45) -> 100 | BN45: 10 | BO45: 10 | BP45: 10 | BQ45: 10 | BR45: 10 | BU45: 10 | BV45: 10 | BW45: 10 | BX45: 10 | BY45: 10 | CB45: {=IFERROR(INDEX('Resument Total - Ofertas Proyec'!$B:$B,MATCH(CE45,'Resument Total - Ofertas Proyec'!$D:$D,0)),"")} -> SDATOOL-51125 | CC45: {=IFERROR(INDEX('Imputación TR - Proyecto-Quince'!$B:$B,MATCH(CE45,'Imputación TR - Proyecto-Quince'!$C:$C,0)),"")} -> Migración FX y MM. Apagado Midas - Operaciones | CE45: CIBRDR-766 | CF45: =IF(CI45="Otras Tecnologías","GoldenSource","") | CG45: Servicios prestados a proyectos con código | CH45: Análisis y diseño (antigua fase de Diseño) | CI45: =IF(OR(CH45="Codificación",CH45="Pruebas"),"Otras Tecnologías","-") -> - | CJ45: =SUM(CK45:CZ45) -> 100 | CM45: 10 | CN45: 10 | CO45: 10 | CP45: 10 | CQ45: 10 | CT45: 10 | CU45: 10 | CV45: 10 | CW45: 10 | CX45: 10 | DC45: {=IFERROR(INDEX('Resument Total - Ofertas Proyec'!$B:$B,MATCH(DF45,'Resument Total - Ofertas Proyec'!$D:$D,0)),"")} -> SDATOOL-51067 | DD45: {=IFERROR(INDEX('Imputación TR - Proyecto-Quince'!$B:$B,MATCH(DF45,'Imputación TR - Proyecto-Quince'!$C:$C,0)),"")} -> CTM Colombia | DF45: CIBRDR-962 | DG45: =IF(DJ45="Otras Tecnologías","GoldenSource","") -> GoldenSource | DH45: Servicios prestados a proyectos con código | DI45: Pruebas | DJ45: =IF(OR(DI45="Codificación",DI45="Pruebas"),"Otras Tecnologías","-") -> Otras Tecnologías | DK45: =SUM(DL45:EA45) -> 20 | DL45: 4 | DM45: 4 | DN45: 4 | DO45: 4 | DP45: 4 | EC45: {=IFERROR(INDEX('Resument Total - Ofertas Proyec'!$B:$B,MATCH(EF45,'Resument Total - Ofertas Proyec'!$D:$D,0)),"")} | ED45: {=IFERROR(INDEX('Imputación TR - Proyecto-Quince'!$B:$B,MATCH(EF45,'Imputación TR - Proyecto-Quince'!$C:$C,0)),"")} | EE45: Soporte usuarios | EG45: =IF(EJ45="Otras Tecnologías","GoldenSource","") | EH45: Servicios prestados a proyectos sin código | EI45: Análisis y diseño (antigua fase de Diseño) | EJ45: =IF(OR(EI45="Codificación",EI45="Pruebas"),"Otras Tecnologías","-") -> - | EK45: =SUM(EL45:EZ45) -> 27 | EL45: 9 | EY45: 9 | EZ45: 9
B46: {=IFERROR(INDEX('Imputación TR - Proyecto-Quince'!$A:$A,MATCH(E46,'Imputación TR - Proyecto-Quince'!$C:$C,0)),"")} | C46: {=IFERROR(INDEX('Imputación TR - Proyecto-Quince'!$B:$B,MATCH(E46,'Imputación TR - Proyecto-Quince'!$C:$C,0)),"")} | F46: =IF(I46="Otras Tecnologías","GoldenSource","") | G46: - | I46: =IF(OR(H46="Codificación",H46="Pruebas"),"Otras Tecnologías","-") -> - | J46: =SUM(K46:Y46) -> 0 | AB46: {=IFERROR(INDEX('Resument Total - Ofertas Proyec'!$B:$B,MATCH(AE46,'Resument Total - Ofertas Proyec'!$D:$D,0)),"")} | AC46: {=IFERROR(INDEX('Imputación TR - Proyecto-Quince'!$B:$B,MATCH(AE46,'Imputación TR - Proyecto-Quince'!$C:$C,0)),"")} | AF46: =IF(AI46="Otras Tecnologías","GoldenSource","") | AG46: - | AI46: =IF(OR(AH46="Codificación",AH46="Pruebas"),"Otras Tecnologías","-") -> - | AJ46: =SUM(AK46:AY46) -> 0 | BB46: {=IFERROR(INDEX('Resument Total - Ofertas Proyec'!$B:$B,MATCH(BE46,'Resument Total - Ofertas Proyec'!$D:$D,0)),"")} | BC46: {=IFERROR(INDEX('Imputación TR - Proyecto-Quince'!$B:$B,MATCH(BE46,'Imputación TR - Proyecto-Quince'!$C:$C,0)),"")} | BF46: =IF(BI46="Otras Tecnologías","GoldenSource","") | BG46: - | BI46: =IF(OR(BH46="Codificación",BH46="Pruebas"),"Otras Tecnologías","-") -> - | BJ46: =SUM(BK46:BY46) -> 0 | CB46: {=IFERROR(INDEX('Resument Total - Ofertas Proyec'!$B:$B,MATCH(CE46,'Resument Total - Ofertas Proyec'!$D:$D,0)),"")} | CC46: {=IFERROR(INDEX('Imputación TR - Proyecto-Quince'!$B:$B,MATCH(CE46,'Imputación TR - Proyecto-Quince'!$C:$C,0)),"")} | CF46: =IF(CI46="Otras Tecnologías","GoldenSource","") | CG46: - | CI46: =IF(OR(CH46="Codificación",CH46="Pruebas"),"Otras Tecnologías","-") -> - | CJ46: =SUM(CK46:CZ46) -> 0 | DC46: {=IFERROR(INDEX('Resument Total - Ofertas Proyec'!$B:$B,MATCH(DF46,'Resument Total - Ofertas Proyec'!$D:$D,0)),"")} | DD46: {=IFERROR(INDEX('Imputación TR - Proyecto-Quince'!$B:$B,MATCH(DF46,'Imputación TR - Proyecto-Quince'!$C:$C,0)),"")} | DE46: Soporte usuarios | DG46: =IF(DJ46="Otras Tecnologías","GoldenSource","") | DH46: Servicios prestados a proyectos sin código | DI46: Análisis y diseño (antigua fase de Diseño) | DJ46: =IF(OR(DI46="Codificación",DI46="Pruebas"),"Otras Tecnologías","-") -> - | DK46: =SUM(DL46:EA46) -> 51 | DS46: 9 | DT46: 9 | DU46: 9 | DV46: 9 | DW46: 6 | DZ46: 9 | EC46: {=IFERROR(INDEX('Resument Total - Ofertas Proyec'!$B:$B,MATCH(EF46,'Resument Total - Ofertas Proyec'!$D:$D,0)),"")} | ED46: {=IFERROR(INDEX('Imputación TR - Proyecto-Quince'!$B:$B,MATCH(EF46,'Imputación TR - Proyecto-Quince'!$C:$C,0)),"")} | EG46: =IF(EJ46="Otras Tecnologías","GoldenSource","") | EH46: - | EJ46: =IF(OR(EI46="Codificación",EI46="Pruebas"),"Otras Tecnologías","-") -> - | EK46: =SUM(EL46:EZ46) -> 0
A47: Pablo Llorente | B47: {=IFERROR(INDEX('Imputación TR - Proyecto-Quince'!$A:$A,MATCH(E47,'Imputación TR - Proyecto-Quince'!$C:$C,0)),"")} | D47: Soporte usuarios | G47: Servicios prestados a proyectos sin código | H47: Análisis y diseño (antigua fase de Diseño) | I47: - | J47: =SUM(K47:Y47) -> 60 | K47: 9 | L47: 9 | P47: 9 | Q47: 9 | R47: 9 | S47: 9 | T47: 6 | AA47: Pablo Llorente | AB47: {=IFERROR(INDEX('Resument Total - Ofertas Proyec'!$B:$B,MATCH(AE47,'Resument Total - Ofertas Proyec'!$D:$D,0)),"")} -> SDATOOL-42226 | AC47: {=IFERROR(INDEX('Imputación TR - Proyecto-Quince'!$B:$B,MATCH(AE47,'Imputación TR - Proyecto-Quince'!$C:$C,0)),"")} -> Strategic Boost Alta y Mantenimiento de Emisiones y Emisores. | AE47: CIBRDR-887 | AF47: =IF(AI47="Otras Tecnologías","GoldenSource","") | AG47: Servicios prestados a proyectos con código | AH47: Análisis y diseño (antigua fase de Diseño) | AI47: =IF(OR(AH47="Codificación",AH47="Pruebas"),"Otras Tecnologías","-") -> - | AJ47: =SUM(AK47:AY47) -> 110 | AK47: 10 | AL47: 10 | AO47: 10 | AP47: 10 | AQ47: 10 | AR47: 10 | AS47: 10 | AV47: 10 | AW47: 10 | AX47: 10 | AY47: 10 | BA47: Pablo Llorente | BB47: {=IFERROR(INDEX('Resument Total - Ofertas Proyec'!$B:$B,MATCH(BE47,'Resument Total - Ofertas Proyec'!$D:$D,0)),"")} -> SDATOOL-42226 | BC47: {=IFERROR(INDEX('Imputación TR - Proyecto-Quince'!$B:$B,MATCH(BE47,'Imputación TR - Proyecto-Quince'!$C:$C,0)),"")} -> Strategic Boost Alta y Mantenimiento de Emisiones y Emisores. | BE47: CIBRDR-888 | BF47: =IF(BI47="Otras Tecnologías","GoldenSource","") -> GoldenSource | BG47: Servicios prestados a proyectos con código | BH47: Codificación | BI47: =IF(OR(BH47="Codificación",BH47="Pruebas"),"Otras Tecnologías","-") -> Otras Tecnologías | BJ47: =SUM(BK47:BY47) -> 50 | BN47: 5 | BO47: 5 | BP47: 5 | BQ47: 5 | BR47: 5 | BU47: 5 | BV47: 5 | BW47: 5 | BX47: 5 | BY47: 5 | CA47: Pablo Llorente | CB47: {=IFERROR(INDEX('Resument Total - Ofertas Proyec'!$B:$B,MATCH(CE47,'Resument Total - Ofertas Proyec'!$D:$D,0)),"")} -> SDATOOL-38779 | CC47: {=IFERROR(INDEX('Imputación TR - Proyecto-Quince'!$B:$B,MATCH(CE47,'Imputación TR - Proyecto-Quince'!$C:$C,0)),"")} -> Sec Lending_Sponsored Repo | CE47: CIBRDR-994 | CF47: =IF(CI47="Otras Tecnologías","GoldenSource","") -> GoldenSource | CG47: Servicios prestados a proyectos con código | CH47: Codificación | CI47: =IF(OR(CH47="Codificación",CH47="Pruebas"),"Otras Tecnologías","-") -> Otras Tecnologías | CJ47: =SUM(CK47:CZ47) -> 100 | CM47: 10 | CN47: 10 | CO47: 10 | CP47: 10 | CQ47: 10 | CT47: 10 | CU47: 10 | CV47: 10 | CW47: 10 | CX47: 10 | DB47: Pablo Llorente | DC47: {=IFERROR(INDEX('Resument Total - Ofertas Proyec'!$B:$B,MATCH(DF47,'Resument Total - Ofertas Proyec'!$D:$D,0)),"")} -> SDATOOL-51067 | DD47: {=IFERROR(INDEX('Imputación TR - Proyecto-Quince'!$B:$B,MATCH(DF47,'Imputación TR - Proyecto-Quince'!$C:$C,0)),"")} -> CTM Colombia | DF47: CIBRDR-962 | DG47: =IF(DJ47="Otras Tecnologías","GoldenSource","") -> GoldenSource | DH47: Servicios prestados a proyectos con código | DI47: Pruebas | DJ47: =IF(OR(DI47="Codificación",DI47="Pruebas"),"Otras Tecnologías","-") -> Otras Tecnologías | DK47: =SUM(DL47:EA47) -> 25 | DL47: 15 | DM47: 10 | EB47: Pablo Llorente | EC47: {=IFERROR(INDEX('Resument Total - Ofertas Proyec'!$B:$B,MATCH(EF47,'Resument Total - Ofertas Proyec'!$D:$D,0)),"")} -> SDATOOL-55461 | ED47: {=IFERROR(INDEX('Imputación TR - Proyecto-Quince'!$B:$B,MATCH(EF47,'Imputación TR - Proyecto-Quince'!$C:$C,0)),"")} -> Refinamiento Productos Entregados | EF47: CIBRDR-917 | EG47: =IF(EJ47="Otras Tecnologías","GoldenSource","") | EH47: Servicios prestados a proyectos con código | EI47: Análisis y diseño (antigua fase de Diseño) | EJ47: =IF(OR(EI47="Codificación",EI47="Pruebas"),"Otras Tecnologías","-") -> - | EK47: =SUM(EL47:EZ47) -> 44 | EL47: 14 | EM47: 10 | EN47: 10 | EO47: 10
B48: {=IFERROR(INDEX('Imputación TR - Proyecto-Quince'!$A:$A,MATCH(E48,'Imputación TR - Proyecto-Quince'!$C:$C,0)),"")} -> SDATOOL-49629 | C48: {=IFERROR(INDEX('Imputación TR - Proyecto-Quince'!$B:$B,MATCH(E48,'Imputación TR - Proyecto-Quince'!$C:$C,0)),"")} -> BSI 2.0. Cargador genérico Legal Agreements | E48: CIBRDR-762 | F48: =IF(I48="Otras Tecnologías","GoldenSource","") | G48: Servicios prestados a proyectos con código | H48: Análisis y diseño (antigua fase de Diseño) | I48: =IF(OR(H48="Codificación",H48="Pruebas"),"Otras Tecnologías","-") -> - | J48: =SUM(K48:Y48) -> 15 | W48: 5 | X48: 5 | Y48: 5 | AB48: {=IFERROR(INDEX('Resument Total - Ofertas Proyec'!$B:$B,MATCH(AE48,'Resument Total - Ofertas Proyec'!$D:$D,0)),"")} | AC48: {=IFERROR(INDEX('Imputación TR - Proyecto-Quince'!$B:$B,MATCH(AE48,'Imputación TR - Proyecto-Quince'!$C:$C,0)),"")} | AF48: =IF(AI48="Otras Tecnologías","GoldenSource","") | AG48: - | AI48: =IF(OR(AH48="Codificación",AH48="Pruebas"),"Otras Tecnologías","-") -> - | AJ48: =SUM(AK48:AY48) -> 0 | BB48: {=IFERROR(INDEX('Resument Total - Ofertas Proyec'!$B:$B,MATCH(BE48,'Resument Total - Ofertas Proyec'!$D:$D,0)),"")} -> SDATOOL-49629 | BC48: {=IFERROR(INDEX('Imputación TR - Proyecto-Quince'!$B:$B,MATCH(BE48,'Imputación TR - Proyecto-Quince'!$C:$C,0)),"")} -> BSI 2.0. Cargador genérico Legal Agreements | BE48: CIBRDR-762 | BF48: =IF(BI48="Otras Tecnologías","GoldenSource","") -> GoldenSource | BG48: Servicios prestados a proyectos con código | BH48: Pruebas | BI48: =IF(OR(BH48="Codificación",BH48="Pruebas"),"Otras Tecnologías","-") -> Otras Tecnologías | BJ48: =SUM(BK48:BY48) -> 100 | BN48: 10 | BO48: 10 | BP48: 10 | BQ48: 10 | BR48: 10 | BU48: 10 | BV48: 10 | BW48: 10 | BX48: 10 | BY48: 10 | CB48: {=IFERROR(INDEX('Resument Total - Ofertas Proyec'!$B:$B,MATCH(CE48,'Resument Total - Ofertas Proyec'!$D:$D,0)),"")} | CC48: {=IFERROR(INDEX('Imputación TR - Proyecto-Quince'!$B:$B,MATCH(CE48,'Imputación TR - Proyecto-Quince'!$C:$C,0)),"")} | CF48: =IF(CI48="Otras Tecnologías","GoldenSource","") | CG48: - | CI48: =IF(OR(CH48="Codificación",CH48="Pruebas"),"Otras Tecnologías","-") -> - | CJ48: =SUM(CK48:CZ48) -> 0 | DC48: {=IFERROR(INDEX('Resument Total - Ofertas Proyec'!$B:$B,MATCH(DF48,'Resument Total - Ofertas Proyec'!$D:$D,0)),"")} -> SDATOOL-38779 | DD48: {=IFERROR(INDEX('Imputación TR - Proyecto-Quince'!$B:$B,MATCH(DF48,'Imputación TR - Proyecto-Quince'!$C:$C,0)),"")} -> Sec Lending_Sponsored Repo | DF48: CIBRDR-1019 | DG48: =IF(DJ48="Otras Tecnologías","GoldenSource","") -> GoldenSource | DH48: Servicios prestados a proyectos con código | DI48: Pruebas | DJ48: =IF(OR(DI48="Codificación",DI48="Pruebas"),"Otras Tecnologías","-") -> Otras Tecnologías | DK48: =SUM(DL48:EA48) -> 51 | DM48: 6 | DN48: 15 | DO48: 15 | DP48: 15 | EC48: {=IFERROR(INDEX('Resument Total - Ofertas Proyec'!$B:$B,MATCH(EF48,'Resument Total - Ofertas Proyec'!$D:$D,0)),"")} -> SDATOOL-34723 | ED48: {=IFERROR(INDEX('Imputación TR - Proyecto-Quince'!$B:$B,MATCH(EF48,'Imputación TR - Proyecto-Quince'!$C:$C,0)),"")} -> Calypso Filter | EF48: CIBRDR-1029 | EG48: =IF(EJ48="Otras Tecnologías","GoldenSource","") | EH48: Servicios prestados a proyectos con código | EI48: Análisis y diseño (antigua fase de Diseño) | EJ48: =IF(OR(EI48="Codificación",EI48="Pruebas"),"Otras Tecnologías","-") -> - | EK48: =SUM(EL48:EZ48) -> 12 | EM48: 6 | EN48: 6
B49: {=IFERROR(INDEX('Imputación TR - Proyecto-Quince'!$A:$A,MATCH(E49,'Imputación TR - Proyecto-Quince'!$C:$C,0)),"")} -> SDATOOL-42226 | C49: {=IFERROR(INDEX('Imputación TR - Proyecto-Quince'!$B:$B,MATCH(E49,'Imputación TR - Proyecto-Quince'!$C:$C,0)),"")} -> Strategic Boost Alta y Mantenimiento de Emisiones y Emisores. | E49: CIBRDR-887 | F49: =IF(I49="Otras Tecnologías","GoldenSource","") | G49: Servicios prestados a proyectos con código | H49: Análisis y diseño (antigua fase de Diseño) | I49: =IF(OR(H49="Codificación",H49="Pruebas"),"Otras Tecnologías","-") -> - | J49: =SUM(K49:Y49) -> 15 | W49: 5 | X49: 5 | Y49: 5 | AB49: {=IFERROR(INDEX('Resument Total - Ofertas Proyec'!$B:$B,MATCH(AE49,'Resument Total - Ofertas Proyec'!$D:$D,0)),"")} | AC49: {=IFERROR(INDEX('Imputación TR - Proyecto-Quince'!$B:$B,MATCH(AE49,'Imputación TR - Proyecto-Quince'!$C:$C,0)),"")} | AF49: =IF(AI49="Otras Tecnologías","GoldenSource","") | AG49: - | AI49: =IF(OR(AH49="Codificación",AH49="Pruebas"),"Otras Tecnologías","-") -> - | AJ49: =SUM(AK49:AY49) -> 0 | BB49: {=IFERROR(INDEX('Resument Total - Ofertas Proyec'!$B:$B,MATCH(BE49,'Resument Total - Ofertas Proyec'!$D:$D,0)),"")} | BC49: {=IFERROR(INDEX('Imputación TR - Proyecto-Quince'!$B:$B,MATCH(BE49,'Imputación TR - Proyecto-Quince'!$C:$C,0)),"")} | BF49: =IF(BI49="Otras Tecnologías","GoldenSource","") | BG49: - | BI49: =IF(OR(BH49="Codificación",BH49="Pruebas"),"Otras Tecnologías","-") -> - | BJ49: =SUM(BK49:BY49) -> 0 | CB49: {=IFERROR(INDEX('Resument Total - Ofertas Proyec'!$B:$B,MATCH(CE49,'Resument Total - Ofertas Proyec'!$D:$D,0)),"")} | CC49: {=IFERROR(INDEX('Imputación TR - Proyecto-Quince'!$B:$B,MATCH(CE49,'Imputación TR - Proyecto-Quince'!$C:$C,0)),"")} | CF49: =IF(CI49="Otras Tecnologías","GoldenSource","") | CG49: - | CI49: =IF(OR(CH49="Codificación",CH49="Pruebas"),"Otras Tecnologías","-") -> - | CJ49: =SUM(CK49:CZ49) -> 0 | DC49: {=IFERROR(INDEX('Resument Total - Ofertas Proyec'!$B:$B,MATCH(DF49,'Resument Total - Ofertas Proyec'!$D:$D,0)),"")} | DD49: {=IFERROR(INDEX('Imputación TR - Proyecto-Quince'!$B:$B,MATCH(DF49,'Imputación TR - Proyecto-Quince'!$C:$C,0)),"")} | DE49: Soporte usuarios | DG49: =IF(DJ49="Otras Tecnologías","GoldenSource","") | DH49: Servicios prestados a proyectos sin código | DI49: Análisis y diseño (antigua fase de Diseño) | DJ49: =IF(OR(DI49="Codificación",DI49="Pruebas"),"Otras Tecnologías","-") -> - | DK49: =SUM(DL49:EA49) -> 51 | DS49: 9 | DT49: 9 | DU49: 9 | DV49: 9 | DW49: 6 | DZ49: 9 | EC49: {=IFERROR(INDEX('Resument Total - Ofertas Proyec'!$B:$B,MATCH(EF49,'Resument Total - Ofertas Proyec'!$D:$D,0)),"")} | ED49: {=IFERROR(INDEX('Imputación TR - Proyecto-Quince'!$B:$B,MATCH(EF49,'Imputación TR - Proyecto-Quince'!$C:$C,0)),"")} | EE49: Soporte usuarios | EH49: Servicios prestados a proyectos sin código | EI49: Análisis y diseño (antigua fase de Diseño) | EJ49: =IF(OR(EI49="Codificación",EI49="Pruebas"),"Otras Tecnologías","-") -> - | EK49: =SUM(EL49:EZ49) -> 60 | ER49: 9 | ES49: 9 | ET49: 9 | EU49: 9 | EV49: 6 | EY49: 9 | EZ49: 9
A50: Pilar Franco | B50: {=IFERROR(INDEX('Imputación TR - Proyecto-Quince'!$A:$A,MATCH(E50,'Imputación TR - Proyecto-Quince'!$C:$C,0)),"")} | D50: Soporte usuarios | G50: Servicios prestados a proyectos sin código | H50: Análisis y diseño (antigua fase de Diseño) | I50: - | J50: =SUM(K50:Y50) -> 87 | K50: 9 | L50: 9 | P50: 9 | Q50: 9 | R50: 9 | S50: 9 | T50: 6 | W50: 9 | X50: 9 | Y50: 9 | AA50: Pilar Franco | AB50: {=IFERROR(INDEX('Resument Total - Ofertas Proyec'!$B:$B,MATCH(AE50,'Resument Total - Ofertas Proyec'!$D:$D,0)),"")} | AC50: {=IFERROR(INDEX('Imputación TR - Proyecto-Quince'!$B:$B,MATCH(AE50,'Imputación TR - Proyecto-Quince'!$C:$C,0)),"")} | AD50: Soporte usuarios | AF50: =IF(AI50="Otras Tecnologías","GoldenSource","") | AG50: Servicios prestados a proyectos sin código | AH50: Análisis y diseño (antigua fase de Diseño) | AI50: =IF(OR(AH50="Codificación",AH50="Pruebas"),"Otras Tecnologías","-") -> - | AJ50: =SUM(AK50:AY50) -> 93 | AK50: 9 | AL50: 6 | AO50: 9 | AP50: 9 | AQ50: 9 | AR50: 9 | AS50: 6 | AV50: 9 | AW50: 9 | AX50: 9 | AY50: 9 | BA50: Pilar Franco | BB50: {=IFERROR(INDEX('Resument Total - Ofertas Proyec'!$B:$B,MATCH(BE50,'Resument Total - Ofertas Proyec'!$D:$D,0)),"")} | BC50: {=IFERROR(INDEX('Imputación TR - Proyecto-Quince'!$B:$B,MATCH(BE50,'Imputación TR - Proyecto-Quince'!$C:$C,0)),"")} | BF50: =IF(BI50="Otras Tecnologías","GoldenSource","") | BG50: - | BI50: =IF(OR(BH50="Codificación",BH50="Pruebas"),"Otras Tecnologías","-") -> - | BJ50: =SUM(BK50:BY50) -> 0 | CA50: Pilar Franco | CB50: {=IFERROR(INDEX('Resument Total - Ofertas Proyec'!$B:$B,MATCH(CE50,'Resument Total - Ofertas Proyec'!$D:$D,0)),"")} | CC50: {=IFERROR(INDEX('Imputación TR - Proyecto-Quince'!$B:$B,MATCH(CE50,'Imputación TR - Proyecto-Quince'!$C:$C,0)),"")} | CF50: =IF(CI50="Otras Tecnologías","GoldenSource","") | CG50: - | CI50: =IF(OR(CH50="Codificación",CH50="Pruebas"),"Otras Tecnologías","-") -> - | CJ50: =SUM(CK50:CZ50) -> 0 | DB50: Pilar Franco | DC50: {=IFERROR(INDEX('Resument Total - Ofertas Proyec'!$B:$B,MATCH(DF50,'Resument Total - Ofertas Proyec'!$D:$D,0)),"")} | DD50: {=IFERROR(INDEX('Imputación TR - Proyecto-Quince'!$B:$B,MATCH(DF50,'Imputación TR - Proyecto-Quince'!$C:$C,0)),"")} | DG50: =IF(DJ50="Otras Tecnologías","GoldenSource","") | DH50: - | DJ50: =IF(OR(DI50="Codificación",DI50="Pruebas"),"Otras Tecnologías","-") -> - | DK50: =SUM(DL50:EA50) -> 0 | EB50: Pilar Franco | EC50: {=IFERROR(INDEX('Resument Total - Ofertas Proyec'!$B:$B,MATCH(EF50,'Resument Total - Ofertas Proyec'!$D:$D,0)),"")} | ED50: {=IFERROR(INDEX('Imputación TR - Proyecto-Quince'!$B:$B,MATCH(EF50,'Imputación TR - Proyecto-Quince'!$C:$C,0)),"")} | EG50: =IF(EJ50="Otras Tecnologías","GoldenSource","") | EH50: - | EJ50: =IF(OR(EI50="Codificación",EI50="Pruebas"),"Otras Tecnologías","-") -> - | EK50: =SUM(EL50:EZ50) -> 0
B51: {=IFERROR(INDEX('Imputación TR - Proyecto-Quince'!$A:$A,MATCH(E51,'Imputación TR - Proyecto-Quince'!$C:$C,0)),"")} | C51: {=IFERROR(INDEX('Imputación TR - Proyecto-Quince'!$B:$B,MATCH(E51,'Imputación TR - Proyecto-Quince'!$C:$C,0)),"")} | F51: =IF(I51="Otras Tecnologías","GoldenSource","") | G51: - | I51: =IF(OR(H51="Codificación",H51="Pruebas"),"Otras Tecnologías","-") -> - | J51: =SUM(K51:Y51) -> 0 | AB51: {=IFERROR(INDEX('Resument Total - Ofertas Proyec'!$B:$B,MATCH(AE51,'Resument Total - Ofertas Proyec'!$D:$D,0)),"")} | AC51: {=IFERROR(INDEX('Imputación TR - Proyecto-Quince'!$B:$B,MATCH(AE51,'Imputación TR - Proyecto-Quince'!$C:$C,0)),"")} | AF51: =IF(AI51="Otras Tecnologías","GoldenSource","") | AG51: - | AI51: =IF(OR(AH51="Codificación",AH51="Pruebas"),"Otras Tecnologías","-") -> - | AJ51: =SUM(AK51:AY51) -> 0 | BB51: {=IFERROR(INDEX('Resument Total - Ofertas Proyec'!$B:$B,MATCH(BE51,'Resument Total - Ofertas Proyec'!$D:$D,0)),"")} | BC51: {=IFERROR(INDEX('Imputación TR - Proyecto-Quince'!$B:$B,MATCH(BE51,'Imputación TR - Proyecto-Quince'!$C:$C,0)),"")} | BF51: =IF(BI51="Otras Tecnologías","GoldenSource","") | BG51: - | BI51: =IF(OR(BH51="Codificación",BH51="Pruebas"),"Otras Tecnologías","-") -> - | BJ51: =SUM(BK51:BY51) -> 0 | CB51: {=IFERROR(INDEX('Resument Total - Ofertas Proyec'!$B:$B,MATCH(CE51,'Resument Total - Ofertas Proyec'!$D:$D,0)),"")} | CC51: {=IFERROR(INDEX('Imputación TR - Proyecto-Quince'!$B:$B,MATCH(CE51,'Imputación TR - Proyecto-Quince'!$C:$C,0)),"")} | CF51: =IF(CI51="Otras Tecnologías","GoldenSource","") | CG51: - | CI51: =IF(OR(CH51="Codificación",CH51="Pruebas"),"Otras Tecnologías","-") -> - | CJ51: =SUM(CK51:CZ51) -> 0 | DC51: {=IFERROR(INDEX('Resument Total - Ofertas Proyec'!$B:$B,MATCH(DF51,'Resument Total - Ofertas Proyec'!$D:$D,0)),"")} | DD51: {=IFERROR(INDEX('Imputación TR - Proyecto-Quince'!$B:$B,MATCH(DF51,'Imputación TR - Proyecto-Quince'!$C:$C,0)),"")} | DG51: =IF(DJ51="Otras Tecnologías","GoldenSource","") | DH51: - | DJ51: =IF(OR(DI51="Codificación",DI51="Pruebas"),"Otras Tecnologías","-") -> - | DK51: =SUM(DL51:EA51) -> 0 | EC51: {=IFERROR(INDEX('Resument Total - Ofertas Proyec'!$B:$B,MATCH(EF51,'Resument Total - Ofertas Proyec'!$D:$D,0)),"")} | ED51: {=IFERROR(INDEX('Imputación TR - Proyecto-Quince'!$B:$B,MATCH(EF51,'Imputación TR - Proyecto-Quince'!$C:$C,0)),"")} | EG51: =IF(EJ51="Otras Tecnologías","GoldenSource","") | EH51: - | EJ51: =IF(OR(EI51="Codificación",EI51="Pruebas"),"Otras Tecnologías","-") -> - | EK51: =SUM(EL51:EZ51) -> 0
B52: {=IFERROR(INDEX('Imputación TR - Proyecto-Quince'!$A:$A,MATCH(E52,'Imputación TR - Proyecto-Quince'!$C:$C,0)),"")} | C52: {=IFERROR(INDEX('Imputación TR - Proyecto-Quince'!$B:$B,MATCH(E52,'Imputación TR - Proyecto-Quince'!$C:$C,0)),"")} | F52: =IF(I52="Otras Tecnologías","GoldenSource","") | G52: - | I52: =IF(OR(H52="Codificación",H52="Pruebas"),"Otras Tecnologías","-") -> - | J52: =SUM(K52:Y52) -> 0 | AB52: {=IFERROR(INDEX('Resument Total - Ofertas Proyec'!$B:$B,MATCH(AE52,'Resument Total - Ofertas Proyec'!$D:$D,0)),"")} | AC52: {=IFERROR(INDEX('Imputación TR - Proyecto-Quince'!$B:$B,MATCH(AE52,'Imputación TR - Proyecto-Quince'!$C:$C,0)),"")} | AF52: =IF(AI52="Otras Tecnologías","GoldenSource","") | AG52: - | AI52: =IF(OR(AH52="Codificación",AH52="Pruebas"),"Otras Tecnologías","-") -> - | AJ52: =SUM(AK52:AY52) -> 0 | BB52: {=IFERROR(INDEX('Resument Total - Ofertas Proyec'!$B:$B,MATCH(BE52,'Resument Total - Ofertas Proyec'!$D:$D,0)),"")} | BC52: {=IFERROR(INDEX('Imputación TR - Proyecto-Quince'!$B:$B,MATCH(BE52,'Imputación TR - Proyecto-Quince'!$C:$C,0)),"")} | BF52: =IF(BI52="Otras Tecnologías","GoldenSource","") | BG52: - | BI52: =IF(OR(BH52="Codificación",BH52="Pruebas"),"Otras Tecnologías","-") -> - | BJ52: =SUM(BK52:BY52) -> 0 | CB52: {=IFERROR(INDEX('Resument Total - Ofertas Proyec'!$B:$B,MATCH(CE52,'Resument Total - Ofertas Proyec'!$D:$D,0)),"")} | CC52: {=IFERROR(INDEX('Imputación TR - Proyecto-Quince'!$B:$B,MATCH(CE52,'Imputación TR - Proyecto-Quince'!$C:$C,0)),"")} | CF52: =IF(CI52="Otras Tecnologías","GoldenSource","") | CG52: - | CI52: =IF(OR(CH52="Codificación",CH52="Pruebas"),"Otras Tecnologías","-") -> - | CJ52: =SUM(CK52:CZ52) -> 0 | DC52: {=IFERROR(INDEX('Resument Total - Ofertas Proyec'!$B:$B,MATCH(DF52,'Resument Total - Ofertas Proyec'!$D:$D,0)),"")} | DD52: {=IFERROR(INDEX('Imputación TR - Proyecto-Quince'!$B:$B,MATCH(DF52,'Imputación TR - Proyecto-Quince'!$C:$C,0)),"")} | DG52: =IF(DJ52="Otras Tecnologías","GoldenSource","") | DH52: - | DJ52: =IF(OR(DI52="Codificación",DI52="Pruebas"),"Otras Tecnologías","-") -> - | DK52: =SUM(DL52:EA52) -> 0 | EC52: {=IFERROR(INDEX('Resument Total - Ofertas Proyec'!$B:$B,MATCH(EF52,'Resument Total - Ofertas Proyec'!$D:$D,0)),"")} | ED52: {=IFERROR(INDEX('Imputación TR - Proyecto-Quince'!$B:$B,MATCH(EF52,'Imputación TR - Proyecto-Quince'!$C:$C,0)),"")} | EG52: =IF(EJ52="Otras Tecnologías","GoldenSource","") | EH52: - | EJ52: =IF(OR(EI52="Codificación",EI52="Pruebas"),"Otras Tecnologías","-") -> - | EK52: =SUM(EL52:EZ52) -> 0
A53: Verónica Fernández | B53: {=IFERROR(INDEX('Imputación TR - Proyecto-Quince'!$A:$A,MATCH(E53,'Imputación TR - Proyecto-Quince'!$C:$C,0)),"")} | D53: Soporte usuarios | G53: Servicios prestados a proyectos sin código | H53: Análisis y diseño (antigua fase de Diseño) | I53: - | J53: =SUM(K53:Y53) -> 60 | K53: 9 | L53: 9 | P53: 9 | Q53: 9 | R53: 9 | S53: 9 | T53: 6 | AA53: Verónica Fernández | AB53: {=IFERROR(INDEX('Resument Total - Ofertas Proyec'!$B:$B,MATCH(AE53,'Resument Total - Ofertas Proyec'!$D:$D,0)),"")} -> SDATOOL-49742 | AC53: {=IFERROR(INDEX('Imputación TR - Proyecto-Quince'!$B:$B,MATCH(AE53,'Imputación TR - Proyecto-Quince'!$C:$C,0)),"")} -> BRS. Fase 2. Colas MQ + Control M | AE53: CIBRDR-932 | AF53: =IF(AI53="Otras Tecnologías","GoldenSource","") | AG53: Servicios prestados a proyectos con código | AH53: Análisis y diseño (antigua fase de Diseño) | AI53: =IF(OR(AH53="Codificación",AH53="Pruebas"),"Otras Tecnologías","-") -> - | AJ53: =SUM(AK53:AY53) -> 10 | AK53: 5 | AL53: 5 | BA53: Verónica Fernández | BB53: {=IFERROR(INDEX('Resument Total - Ofertas Proyec'!$B:$B,MATCH(BE53,'Resument Total - Ofertas Proyec'!$D:$D,0)),"")} -> SDATOOL-49742 | BC53: {=IFERROR(INDEX('Imputación TR - Proyecto-Quince'!$B:$B,MATCH(BE53,'Imputación TR - Proyecto-Quince'!$C:$C,0)),"")} -> BRS. Fase 2. Colas MQ + Control M | BE53: CIBRDR-933 | BF53: =IF(BI53="Otras Tecnologías","GoldenSource","") | BG53: Servicios prestados a proyectos con código | BH53: Análisis y diseño (antigua fase de Diseño) | BI53: =IF(OR(BH53="Codificación",BH53="Pruebas"),"Otras Tecnologías","-") -> - | BJ53: =SUM(BK53:BY53) -> 50 | BN53: 5 | BO53: 5 | BP53: 5 | BQ53: 5 | BR53: 5 | BU53: 5 | BV53: 5 | BW53: 5 | BX53: 5 | BY53: 5 | CA53: Verónica Fernández | CB53: {=IFERROR(INDEX('Resument Total - Ofertas Proyec'!$B:$B,MATCH(CE53,'Resument Total - Ofertas Proyec'!$D:$D,0)),"")} -> SDATOOL-51125 | CC53: {=IFERROR(INDEX('Imputación TR - Proyecto-Quince'!$B:$B,MATCH(CE53,'Imputación TR - Proyecto-Quince'!$C:$C,0)),"")} -> Migración FX y MM. Apagado Midas - Operaciones | CE53: CIBRDR-766 | CF53: =IF(CI53="Otras Tecnologías","GoldenSource","") | CG53: Servicios prestados a proyectos con código | CH53: Análisis y diseño (antigua fase de Diseño) | CI53: =IF(OR(CH53="Codificación",CH53="Pruebas"),"Otras Tecnologías","-") -> - | CJ53: =SUM(CK53:CZ53) -> 100 | CM53: 10 | CN53: 10 | CO53: 10 | CP53: 10 | CQ53: 10 | CT53: 10 | CU53: 10 | CV53: 10 | CW53: 10 | CX53: 10 | DB53: Verónica Fernández | DC53: {=IFERROR(INDEX('Resument Total - Ofertas Proyec'!$B:$B,MATCH(DF53,'Resument Total - Ofertas Proyec'!$D:$D,0)),"")} -> SDATOOL-49742 | DD53: {=IFERROR(INDEX('Imputación TR - Proyecto-Quince'!$B:$B,MATCH(DF53,'Imputación TR - Proyecto-Quince'!$C:$C,0)),"")} -> BRS. Fase 2. Colas MQ + Control M | DF53: CIBRDR-908 | DG53: =IF(DJ53="Otras Tecnologías","GoldenSource","") -> GoldenSource | DH53: Servicios prestados a proyectos con código | DI53: Pruebas | DJ53: =IF(OR(DI53="Codificación",DI53="Pruebas"),"Otras Tecnologías","-") -> Otras Tecnologías | DK53: =SUM(DL53:EA53) -> 26 | DL53: 5 | DM53: 5 | DN53: 5 | DO53: 5 | DP53: 6 | EB53: Verónica Fernández | EC53: {=IFERROR(INDEX('Resument Total - Ofertas Proyec'!$B:$B,MATCH(EF53,'Resument Total - Ofertas Proyec'!$D:$D,0)),"")} | ED53: {=IFERROR(INDEX('Imputación TR - Proyecto-Quince'!$B:$B,MATCH(EF53,'Imputación TR - Proyecto-Quince'!$C:$C,0)),"")} | EE53: Soporte usuarios | EG53: =IF(EJ53="Otras Tecnologías","GoldenSource","") | EH53: Servicios prestados a proyectos sin código | EI53: Análisis y diseño (antigua fase de Diseño) | EJ53: =IF(OR(EI53="Codificación",EI53="Pruebas"),"Otras Tecnologías","-") -> - | EK53: =SUM(EL53:EZ53) -> 93 | EL53: 9 | EM53: 9 | EN53: 9 | EO53: 6 | ER53: 9 | ES53: 9 | ET53: 9 | EU53: 9 | EV53: 6 | EY53: 9 | EZ53: 9
B54: {=IFERROR(INDEX('Imputación TR - Proyecto-Quince'!$A:$A,MATCH(E54,'Imputación TR - Proyecto-Quince'!$C:$C,0)),"")} -> SDATOOL-49742 | C54: {=IFERROR(INDEX('Imputación TR - Proyecto-Quince'!$B:$B,MATCH(E54,'Imputación TR - Proyecto-Quince'!$C:$C,0)),"")} -> BRS. Fase 2. Colas MQ + Control M | E54: CIBRDR-932 | F54: =IF(I54="Otras Tecnologías","GoldenSource","") | G54: Servicios prestados a proyectos con código | H54: Análisis y diseño (antigua fase de Diseño) | I54: =IF(OR(H54="Codificación",H54="Pruebas"),"Otras Tecnologías","-") -> - | J54: =SUM(K54:Y54) -> 30 | W54: 10 | X54: 10 | Y54: 10 | AB54: {=IFERROR(INDEX('Resument Total - Ofertas Proyec'!$B:$B,MATCH(AE54,'Resument Total - Ofertas Proyec'!$D:$D,0)),"")} -> SDATOOL-49742 | AC54: {=IFERROR(INDEX('Imputación TR - Proyecto-Quince'!$B:$B,MATCH(AE54,'Imputación TR - Proyecto-Quince'!$C:$C,0)),"")} -> BRS. Fase 2. Colas MQ + Control M | AE54: CIBRDR-908 | AF54: =IF(AI54="Otras Tecnologías","GoldenSource","") | AG54: Servicios prestados a proyectos con código | AH54: Análisis y diseño (antigua fase de Diseño) | AI54: =IF(OR(AH54="Codificación",AH54="Pruebas"),"Otras Tecnologías","-") -> - | AJ54: =SUM(AK54:AY54) -> 60 | AK54: 5 | AL54: 5 | AO54: 10 | AP54: 10 | AQ54: 10 | AR54: 10 | AS54: 10 | BB54: {=IFERROR(INDEX('Resument Total - Ofertas Proyec'!$B:$B,MATCH(BE54,'Resument Total - Ofertas Proyec'!$D:$D,0)),"")} -> SDATOOL-51827 | BC54: {=IFERROR(INDEX('Imputación TR - Proyecto-Quince'!$B:$B,MATCH(BE54,'Imputación TR - Proyecto-Quince'!$C:$C,0)),"")} -> Eventos Corporativos | BE54: CIBRDR-897 | BF54: =IF(BI54="Otras Tecnologías","GoldenSource","") -> GoldenSource | BG54: Servicios prestados a proyectos con código | BH54: Codificación | BI54: =IF(OR(BH54="Codificación",BH54="Pruebas"),"Otras Tecnologías","-") -> Otras Tecnologías | BJ54: =SUM(BK54:BY54) -> 25 | BN54: 5 | BO54: 5 | BP54: 5 | BQ54: 5 | BR54: 5 | CB54: {=IFERROR(INDEX('Resument Total - Ofertas Proyec'!$B:$B,MATCH(CE54,'Resument Total - Ofertas Proyec'!$D:$D,0)),"")} | CC54: {=IFERROR(INDEX('Imputación TR - Proyecto-Quince'!$B:$B,MATCH(CE54,'Imputación TR - Proyecto-Quince'!$C:$C,0)),"")} | CF54: =IF(CI54="Otras Tecnologías","GoldenSource","") | CG54: - | CI54: =IF(OR(CH54="Codificación",CH54="Pruebas"),"Otras Tecnologías","-") -> - | CJ54: =SUM(CK54:CZ54) -> 0 | DC54: {=IFERROR(INDEX('Resument Total - Ofertas Proyec'!$B:$B,MATCH(DF54,'Resument Total - Ofertas Proyec'!$D:$D,0)),"")} | DD54: {=IFERROR(INDEX('Imputación TR - Proyecto-Quince'!$B:$B,MATCH(DF54,'Imputación TR - Proyecto-Quince'!$C:$C,0)),"")} | DE54: Soporte usuarios | DG54: =IF(DJ54="Otras Tecnologías","GoldenSource","") | DH54: Servicios prestados a proyectos sin código | DI54: Análisis y diseño (antigua fase de Diseño) | DJ54: =IF(OR(DI54="Codificación",DI54="Pruebas"),"Otras Tecnologías","-") -> - | DK54: =SUM(DL54:EA54) -> 67 | DL54: 4 | DM54: 4 | DN54: 4 | DO54: 4 | DS54: 9 | DT54: 9 | DU54: 9 | DV54: 9 | DW54: 6 | DZ54: 9 | EC54: {=IFERROR(INDEX('Resument Total - Ofertas Proyec'!$B:$B,MATCH(EF54,'Resument Total - Ofertas Proyec'!$D:$D,0)),"")} | ED54: {=IFERROR(INDEX('Imputación TR - Proyecto-Quince'!$B:$B,MATCH(EF54,'Imputación TR - Proyecto-Quince'!$C:$C,0)),"")} | EG54: =IF(EJ54="Otras Tecnologías","GoldenSource","") | EH54: - | EJ54: =IF(OR(EI54="Codificación",EI54="Pruebas"),"Otras Tecnologías","-") -> - | EK54: =SUM(EL54:EZ54) -> 0
B55: {=IFERROR(INDEX('Imputación TR - Proyecto-Quince'!$A:$A,MATCH(E55,'Imputación TR - Proyecto-Quince'!$C:$C,0)),"")} | C55: {=IFERROR(INDEX('Imputación TR - Proyecto-Quince'!$B:$B,MATCH(E55,'Imputación TR - Proyecto-Quince'!$C:$C,0)),"")} | F55: =IF(I55="Otras Tecnologías","GoldenSource","") | G55: - | I55: =IF(OR(H55="Codificación",H55="Pruebas"),"Otras Tecnologías","-") -> - | J55: =SUM(K55:Y55) -> 0 | AB55: {=IFERROR(INDEX('Resument Total - Ofertas Proyec'!$B:$B,MATCH(AE55,'Resument Total - Ofertas Proyec'!$D:$D,0)),"")} -> SDATOOL-49742 | AC55: {=IFERROR(INDEX('Imputación TR - Proyecto-Quince'!$B:$B,MATCH(AE55,'Imputación TR - Proyecto-Quince'!$C:$C,0)),"")} -> BRS. Fase 2. Colas MQ + Control M | AE55: CIBRDR-933 | AF55: =IF(AI55="Otras Tecnologías","GoldenSource","") | AG55: Servicios prestados a proyectos con código | AH55: Análisis y diseño (antigua fase de Diseño) | AI55: =IF(OR(AH55="Codificación",AH55="Pruebas"),"Otras Tecnologías","-") -> - | AJ55: =SUM(AK55:AY55) -> 40 | AV55: 10 | AW55: 10 | AX55: 10 | AY55: 10 | BB55: {=IFERROR(INDEX('Resument Total - Ofertas Proyec'!$B:$B,MATCH(BE55,'Resument Total - Ofertas Proyec'!$D:$D,0)),"")} -> SDATOOL-49742 | BC55: {=IFERROR(INDEX('Imputación TR - Proyecto-Quince'!$B:$B,MATCH(BE55,'Imputación TR - Proyecto-Quince'!$C:$C,0)),"")} -> BRS. Fase 2. Colas MQ + Control M | BE55: CIBRDR-934 | BF55: =IF(BI55="Otras Tecnologías","GoldenSource","") | BG55: - | BI55: =IF(OR(BH55="Codificación",BH55="Pruebas"),"Otras Tecnologías","-") -> - | BJ55: =SUM(BK55:BY55) -> 70 | BO55: 5 | BP55: 5 | BQ55: 5 | BR55: 5 | BU55: 10 | BV55: 10 | BW55: 10 | BX55: 10 | BY55: 10 | CB55: {=IFERROR(INDEX('Resument Total - Ofertas Proyec'!$B:$B,MATCH(CE55,'Resument Total - Ofertas Proyec'!$D:$D,0)),"")} | CC55: {=IFERROR(INDEX('Imputación TR - Proyecto-Quince'!$B:$B,MATCH(CE55,'Imputación TR - Proyecto-Quince'!$C:$C,0)),"")} | CF55: =IF(CI55="Otras Tecnologías","GoldenSource","") | CG55: - | CI55: =IF(OR(CH55="Codificación",CH55="Pruebas"),"Otras Tecnologías","-") -> - | CJ55: =SUM(CK55:CZ55) -> 0 | DC55: {=IFERROR(INDEX('Resument Total - Ofertas Proyec'!$B:$B,MATCH(DF55,'Resument Total - Ofertas Proyec'!$D:$D,0)),"")} | DD55: {=IFERROR(INDEX('Imputación TR - Proyecto-Quince'!$B:$B,MATCH(DF55,'Imputación TR - Proyecto-Quince'!$C:$C,0)),"")} | DG55: =IF(DJ55="Otras Tecnologías","GoldenSource","") | DH55: - | DJ55: =IF(OR(DI55="Codificación",DI55="Pruebas"),"Otras Tecnologías","-") -> - | DK55: =SUM(DL55:EA55) -> 0 | EC55: {=IFERROR(INDEX('Resument Total - Ofertas Proyec'!$B:$B,MATCH(EF55,'Resument Total - Ofertas Proyec'!$D:$D,0)),"")} | ED55: {=IFERROR(INDEX('Imputación TR - Proyecto-Quince'!$B:$B,MATCH(EF55,'Imputación TR - Proyecto-Quince'!$C:$C,0)),"")} | EG55: =IF(EJ55="Otras Tecnologías","GoldenSource","") | EH55: - | EJ55: =IF(OR(EI55="Codificación",EI55="Pruebas"),"Otras Tecnologías","-") -> - | EK55: =SUM(EL55:EZ55) -> 0
A56: Víctor Gallego | B56: {=IFERROR(INDEX('Imputación TR - Proyecto-Quince'!$A:$A,MATCH(E56,'Imputación TR - Proyecto-Quince'!$C:$C,0)),"")} | D56: Soporte usuarios | G56: Servicios prestados a proyectos sin código | H56: Análisis y diseño (antigua fase de Diseño) | I56: - | J56: =SUM(K56:Y56) -> 60 | K56: 9 | L56: 9 | P56: 9 | Q56: 9 | R56: 9 | S56: 9 | T56: 6 | AA56: Víctor Gallego | AB56: {=IFERROR(INDEX('Resument Total - Ofertas Proyec'!$B:$B,MATCH(AE56,'Resument Total - Ofertas Proyec'!$D:$D,0)),"")} -> SDATOOL-46848 | AC56: {=IFERROR(INDEX('Imputación TR - Proyecto-Quince'!$B:$B,MATCH(AE56,'Imputación TR - Proyecto-Quince'!$C:$C,0)),"")} -> Institutional Clients. Onboarding. | AE56: CIBRDR-718 | AF56: =IF(AI56="Otras Tecnologías","GoldenSource","") | AG56: Servicios prestados a proyectos con código | AH56: Análisis y diseño (antigua fase de Diseño) | AI56: =IF(OR(AH56="Codificación",AH56="Pruebas"),"Otras Tecnologías","-") -> - | AJ56: =SUM(AK56:AY56) -> 165 | AK56: 15 | AL56: 15 | AO56: 15 | AP56: 15 | AQ56: 15 | AR56: 15 | AS56: 15 | AV56: 15 | AW56: 15 | AX56: 15 | AY56: 15 | BA56: Víctor Gallego | BB56: {=IFERROR(INDEX('Resument Total - Ofertas Proyec'!$B:$B,MATCH(BE56,'Resument Total - Ofertas Proyec'!$D:$D,0)),"")} -> SDATOOL-46848 | BC56: {=IFERROR(INDEX('Imputación TR - Proyecto-Quince'!$B:$B,MATCH(BE56,'Imputación TR - Proyecto-Quince'!$C:$C,0)),"")} -> Institutional Clients. Onboarding. | BE56: CIBRDR-718 | BF56: =IF(BI56="Otras Tecnologías","GoldenSource","") -> GoldenSource | BG56: Servicios prestados a proyectos con código | BH56: Codificación | BI56: =IF(OR(BH56="Codificación",BH56="Pruebas"),"Otras Tecnologías","-") -> Otras Tecnologías | BJ56: =SUM(BK56:BY56) -> 100 | BN56: 10 | BO56: 10 | BP56: 10 | BQ56: 10 | BR56: 10 | BU56: 10 | BV56: 10 | BW56: 10 | BX56: 10 | BY56: 10 | CA56: Víctor Gallego | CB56: {=IFERROR(INDEX('Resument Total - Ofertas Proyec'!$B:$B,MATCH(CE56,'Resument Total - Ofertas Proyec'!$D:$D,0)),"")} -> SDATOOL-46848 | CC56: {=IFERROR(INDEX('Imputación TR - Proyecto-Quince'!$B:$B,MATCH(CE56,'Imputación TR - Proyecto-Quince'!$C:$C,0)),"")} -> Institutional Clients. Onboarding. | CE56: CIBRDR-718 | CF56: =IF(CI56="Otras Tecnologías","GoldenSource","") -> GoldenSource | CG56: Servicios prestados a proyectos con código | CH56: Pruebas | CI56: =IF(OR(CH56="Codificación",CH56="Pruebas"),"Otras Tecnologías","-") -> Otras Tecnologías | CJ56: =SUM(CK56:CZ56) -> 150 | CM56: 15 | CN56: 15 | CO56: 15 | CP56: 15 | CQ56: 15 | CT56: 15 | CU56: 15 | CV56: 15 | CW56: 15 | CX56: 15 | DB56: Víctor Gallego | DC56: {=IFERROR(INDEX('Resument Total - Ofertas Proyec'!$B:$B,MATCH(DF56,'Resument Total - Ofertas Proyec'!$D:$D,0)),"")} -> SDATOOL-46848 | DD56: {=IFERROR(INDEX('Imputación TR - Proyecto-Quince'!$B:$B,MATCH(DF56,'Imputación TR - Proyecto-Quince'!$C:$C,0)),"")} -> Institutional Clients. Onboarding. | DF56: CIBRDR-718 | DG56: =IF(DJ56="Otras Tecnologías","GoldenSource","") -> GoldenSource | DH56: Servicios prestados a proyectos con código | DI56: Pruebas | DJ56: =IF(OR(DI56="Codificación",DI56="Pruebas"),"Otras Tecnologías","-") -> Otras Tecnologías | DK56: =SUM(DL56:EA56) -> 75 | DL56: 15 | DM56: 15 | DN56: 15 | DO56: 15 | DP56: 15 | EB56: Víctor Gallego | EC56: {=IFERROR(INDEX('Resument Total - Ofertas Proyec'!$B:$B,MATCH(EF56,'Resument Total - Ofertas Proyec'!$D:$D,0)),"")} | ED56: {=IFERROR(INDEX('Imputación TR - Proyecto-Quince'!$B:$B,MATCH(EF56,'Imputación TR - Proyecto-Quince'!$C:$C,0)),"")} | EE56: Soporte usuarios | EG56: =IF(EJ56="Otras Tecnologías","GoldenSource","") | EH56: Servicios prestados a proyectos sin código | EI56: Análisis y diseño (antigua fase de Diseño) | EJ56: =IF(OR(EI56="Codificación",EI56="Pruebas"),"Otras Tecnologías","-") -> - | EK56: =SUM(EL56:EZ56) -> 93 | EL56: 9 | EM56: 9 | EN56: 9 | EO56: 6 | ER56: 9 | ES56: 9 | ET56: 9 | EU56: 9 | EV56: 6 | EY56: 9 | EZ56: 9
B57: {=IFERROR(INDEX('Imputación TR - Proyecto-Quince'!$A:$A,MATCH(E57,'Imputación TR - Proyecto-Quince'!$C:$C,0)),"")} -> SDATOOL-46848 | C57: {=IFERROR(INDEX('Imputación TR - Proyecto-Quince'!$B:$B,MATCH(E57,'Imputación TR - Proyecto-Quince'!$C:$C,0)),"")} -> Institutional Clients. Onboarding. | E57: CIBRDR-718 | F57: =IF(I57="Otras Tecnologías","GoldenSource","") | G57: Servicios prestados a proyectos con código | H57: Análisis y diseño (antigua fase de Diseño) | I57: =IF(OR(H57="Codificación",H57="Pruebas"),"Otras Tecnologías","-") -> - | J57: =SUM(K57:Y57) -> 45 | W57: 15 | X57: 15 | Y57: 15 | AB57: {=IFERROR(INDEX('Resument Total - Ofertas Proyec'!$B:$B,MATCH(AE57,'Resument Total - Ofertas Proyec'!$D:$D,0)),"")} | AC57: {=IFERROR(INDEX('Imputación TR - Proyecto-Quince'!$B:$B,MATCH(AE57,'Imputación TR - Proyecto-Quince'!$C:$C,0)),"")} | AF57: =IF(AI57="Otras Tecnologías","GoldenSource","") | AG57: - | AI57: =IF(OR(AH57="Codificación",AH57="Pruebas"),"Otras Tecnologías","-") -> - | AJ57: =SUM(AK57:AY57) -> 0 | BB57: {=IFERROR(INDEX('Resument Total - Ofertas Proyec'!$B:$B,MATCH(BE57,'Resument Total - Ofertas Proyec'!$D:$D,0)),"")} -> SDATOOL-54626 | BC57: {=IFERROR(INDEX('Imputación TR - Proyecto-Quince'!$B:$B,MATCH(BE57,'Imputación TR - Proyecto-Quince'!$C:$C,0)),"")} -> Institutional Clients Transversal Tools Plan (eClients) | BE57: CIBRDR-748 | BF57: =IF(BI57="Otras Tecnologías","GoldenSource","") -> GoldenSource | BG57: Servicios prestados a proyectos con código | BH57: Pruebas | BI57: =IF(OR(BH57="Codificación",BH57="Pruebas"),"Otras Tecnologías","-") -> Otras Tecnologías | BJ57: =SUM(BK57:BY57) -> 50 | BN57: 5 | BO57: 5 | BP57: 5 | BQ57: 5 | BR57: 5 | BU57: 5 | BV57: 5 | BW57: 5 | BX57: 5 | BY57: 5 | CB57: {=IFERROR(INDEX('Resument Total - Ofertas Proyec'!$B:$B,MATCH(CE57,'Resument Total - Ofertas Proyec'!$D:$D,0)),"")} | CC57: {=IFERROR(INDEX('Imputación TR - Proyecto-Quince'!$B:$B,MATCH(CE57,'Imputación TR - Proyecto-Quince'!$C:$C,0)),"")} | CF57: =IF(CI57="Otras Tecnologías","GoldenSource","") | CG57: - | CI57: =IF(OR(CH57="Codificación",CH57="Pruebas"),"Otras Tecnologías","-") -> - | CJ57: =SUM(CK57:CZ57) -> 0 | DC57: {=IFERROR(INDEX('Resument Total - Ofertas Proyec'!$B:$B,MATCH(DF57,'Resument Total - Ofertas Proyec'!$D:$D,0)),"")} | DD57: {=IFERROR(INDEX('Imputación TR - Proyecto-Quince'!$B:$B,MATCH(DF57,'Imputación TR - Proyecto-Quince'!$C:$C,0)),"")} | DE57: Soporte usuarios | DG57: =IF(DJ57="Otras Tecnologías","GoldenSource","") | DH57: Servicios prestados a proyectos sin código | DI57: Análisis y diseño (antigua fase de Diseño) | DJ57: =IF(OR(DI57="Codificación",DI57="Pruebas"),"Otras Tecnologías","-") -> - | DK57: =SUM(DL57:EA57) -> 51 | DS57: 9 | DT57: 9 | DU57: 9 | DV57: 9 | DW57: 6 | DZ57: 9 | EC57: {=IFERROR(INDEX('Resument Total - Ofertas Proyec'!$B:$B,MATCH(EF57,'Resument Total - Ofertas Proyec'!$D:$D,0)),"")} | ED57: {=IFERROR(INDEX('Imputación TR - Proyecto-Quince'!$B:$B,MATCH(EF57,'Imputación TR - Proyecto-Quince'!$C:$C,0)),"")} | EG57: =IF(EJ57="Otras Tecnologías","GoldenSource","") | EH57: - | EJ57: =IF(OR(EI57="Codificación",EI57="Pruebas"),"Otras Tecnologías","-") -> - | EK57: =SUM(EL57:EZ57) -> 0
B58: {=IFERROR(INDEX('Imputación TR - Proyecto-Quince'!$A:$A,MATCH(E58,'Imputación TR - Proyecto-Quince'!$C:$C,0)),"")} | C58: {=IFERROR(INDEX('Imputación TR - Proyecto-Quince'!$B:$B,MATCH(E58,'Imputación TR - Proyecto-Quince'!$C:$C,0)),"")} | F58: =IF(I58="Otras Tecnologías","GoldenSource","") | G58: - | I58: =IF(OR(H58="Codificación",H58="Pruebas"),"Otras Tecnologías","-") -> - | J58: =SUM(K58:Y58) -> 0 | AB58: {=IFERROR(INDEX('Resument Total - Ofertas Proyec'!$B:$B,MATCH(AE58,'Resument Total - Ofertas Proyec'!$D:$D,0)),"")} | AC58: {=IFERROR(INDEX('Imputación TR - Proyecto-Quince'!$B:$B,MATCH(AE58,'Imputación TR - Proyecto-Quince'!$C:$C,0)),"")} | AF58: =IF(AI58="Otras Tecnologías","GoldenSource","") | AG58: - | AI58: =IF(OR(AH58="Codificación",AH58="Pruebas"),"Otras Tecnologías","-") -> - | AJ58: =SUM(AK58:AY58) -> 0 | BB58: {=IFERROR(INDEX('Resument Total - Ofertas Proyec'!$B:$B,MATCH(BE58,'Resument Total - Ofertas Proyec'!$D:$D,0)),"")} | BC58: {=IFERROR(INDEX('Imputación TR - Proyecto-Quince'!$B:$B,MATCH(BE58,'Imputación TR - Proyecto-Quince'!$C:$C,0)),"")} | BF58: =IF(BI58="Otras Tecnologías","GoldenSource","") | BG58: - | BI58: =IF(OR(BH58="Codificación",BH58="Pruebas"),"Otras Tecnologías","-") -> - | BJ58: =SUM(BK58:BY58) -> 0 | CB58: {=IFERROR(INDEX('Resument Total - Ofertas Proyec'!$B:$B,MATCH(CE58,'Resument Total - Ofertas Proyec'!$D:$D,0)),"")} | CC58: {=IFERROR(INDEX('Imputación TR - Proyecto-Quince'!$B:$B,MATCH(CE58,'Imputación TR - Proyecto-Quince'!$C:$C,0)),"")} | CF58: =IF(CI58="Otras Tecnologías","GoldenSource","") | CG58: - | CI58: =IF(OR(CH58="Codificación",CH58="Pruebas"),"Otras Tecnologías","-") -> - | CJ58: =SUM(CK58:CZ58) -> 0 | DC58: {=IFERROR(INDEX('Resument Total - Ofertas Proyec'!$B:$B,MATCH(DF58,'Resument Total - Ofertas Proyec'!$D:$D,0)),"")} | DD58: {=IFERROR(INDEX('Imputación TR - Proyecto-Quince'!$B:$B,MATCH(DF58,'Imputación TR - Proyecto-Quince'!$C:$C,0)),"")} | DG58: =IF(DJ58="Otras Tecnologías","GoldenSource","") | DH58: - | DJ58: =IF(OR(DI58="Codificación",DI58="Pruebas"),"Otras Tecnologías","-") -> - | DK58: =SUM(DL58:EA58) -> 0 | EC58: {=IFERROR(INDEX('Resument Total - Ofertas Proyec'!$B:$B,MATCH(EF58,'Resument Total - Ofertas Proyec'!$D:$D,0)),"")} | ED58: {=IFERROR(INDEX('Imputación TR - Proyecto-Quince'!$B:$B,MATCH(EF58,'Imputación TR - Proyecto-Quince'!$C:$C,0)),"")} | EG58: =IF(EJ58="Otras Tecnologías","GoldenSource","") | EH58: - | EJ58: =IF(OR(EI58="Codificación",EI58="Pruebas"),"Otras Tecnologías","-") -> - | EK58: =SUM(EL58:EZ58) -> 0
AA59: Álvaro Albelda | AD59: Soporte usuarios | AF59: =IF(AI59="Otras Tecnologías","GoldenSource","") | AG59: Servicios prestados a proyectos sin código | AH59: Análisis y diseño (antigua fase de Diseño) | AJ59: =SUM(AK59:AY59) -> 45 | AS59: 9 | AV59: 9 | AW59: 9 | AX59: 9 | AY59: 9 | BA59: Álvaro Albelda | BB59: {=IFERROR(INDEX('Resument Total - Ofertas Proyec'!$B:$B,MATCH(BE59,'Resument Total - Ofertas Proyec'!$D:$D,0)),"")} -> SDATOOL-51125 | BC59: {=IFERROR(INDEX('Imputación TR - Proyecto-Quince'!$B:$B,MATCH(BE59,'Imputación TR - Proyecto-Quince'!$C:$C,0)),"")} -> Migración FX y MM. Apagado Midas - Operaciones | BE59: CIBRDR-766 | BF59: =IF(BI59="Otras Tecnologías","GoldenSource","") | BG59: Servicios prestados a proyectos sin código | BH59: Análisis y diseño (antigua fase de Diseño) | BJ59: =SUM(BK59:BY59) -> 150 | BN59: 15 | BO59: 15 | BP59: 15 | BQ59: 15 | BR59: 15 | BU59: 15 | BV59: 15 | BW59: 15 | BX59: 15 | BY59: 15 | CA59: Álvaro Albelda | CB59: {=IFERROR(INDEX('Resument Total - Ofertas Proyec'!$B:$B,MATCH(CE59,'Resument Total - Ofertas Proyec'!$D:$D,0)),"")} -> SDATOOL-51125 | CC59: {=IFERROR(INDEX('Imputación TR - Proyecto-Quince'!$B:$B,MATCH(CE59,'Imputación TR - Proyecto-Quince'!$C:$C,0)),"")} -> Migración FX y MM. Apagado Midas - Operaciones | CE59: CIBRDR-766 | CF59: =IF(CI59="Otras Tecnologías","GoldenSource","") | CG59: Servicios prestados a proyectos con código | CH59: Análisis y diseño (antigua fase de Diseño) | CI59: =IF(OR(CH59="Codificación",CH59="Pruebas"),"Otras Tecnologías","-") -> - | CJ59: =SUM(CK59:CZ59) -> 100 | CM59: 10 | CN59: 10 | CO59: 10 | CP59: 10 | CQ59: 10 | CT59: 10 | CU59: 10 | CV59: 10 | CW59: 10 | CX59: 10 | DB59: Álvaro Albelda | DC59: {=IFERROR(INDEX('Resument Total - Ofertas Proyec'!$B:$B,MATCH(DF59,'Resument Total - Ofertas Proyec'!$D:$D,0)),"")} -> SDATOOL-38779 | DD59: {=IFERROR(INDEX('Imputación TR - Proyecto-Quince'!$B:$B,MATCH(DF59,'Imputación TR - Proyecto-Quince'!$C:$C,0)),"")} -> Sec Lending_Sponsored Repo | DF59: CIBRDR-1019 | DG59: =IF(DJ59="Otras Tecnologías","GoldenSource","") -> GoldenSource | DH59: Servicios prestados a proyectos con código | DI59: Pruebas | DJ59: =IF(OR(DI59="Codificación",DI59="Pruebas"),"Otras Tecnologías","-") -> Otras Tecnologías | DK59: =SUM(DL59:EA59) -> 75 | DL59: 15 | DM59: 15 | DN59: 15 | DO59: 15 | DP59: 15 | EB59: Álvaro Albelda | EC59: {=IFERROR(INDEX('Resument Total - Ofertas Proyec'!$B:$B,MATCH(EF59,'Resument Total - Ofertas Proyec'!$D:$D,0)),"")} | ED59: {=IFERROR(INDEX('Imputación TR - Proyecto-Quince'!$B:$B,MATCH(EF59,'Imputación TR - Proyecto-Quince'!$C:$C,0)),"")} | EE59: Soporte usuarios | EG59: =IF(EJ59="Otras Tecnologías","GoldenSource","") | EH59: Servicios prestados a proyectos sin código | EI59: Análisis y diseño (antigua fase de Diseño) | EJ59: =IF(OR(EI59="Codificación",EI59="Pruebas"),"Otras Tecnologías","-") -> - | EK59: =SUM(EL59:EZ59) -> 93 | EL59: 9 | EM59: 9 | EN59: 9 | EO59: 6 | ER59: 9 | ES59: 9 | ET59: 9 | EU59: 9 | EV59: 6 | EY59: 9 | EZ59: 9
